{
  "format_version" : "1.0",
  "generated_by" : "cytoscape-3.2.0",
  "target_cytoscapejs_version" : "~2.1",
  "data" : {
    "selected" : false,
    "__Annotations" : [ "text=Places DIRECTLY Relevant to Thalaba on His Journey|color=-6684673|zoom=0.22712367555247107|canvas=foreground|fontStyle=0|fontFamily=Arial|uuid=d13db42a-3c58-4ca8-aa20-40df91ff7870|fontSize=24|type=org.cytoscape.view.presentation.annotations.TextAnnotation|y=1622.0|x=1365.0" ],
    "shared_name" : "ThalabaAna.tsv(6)",
    "SUID" : 2489,
    "name" : "ThalabaAna.tsv(6)"
  },
  "elements" : {
    "nodes" : [ {
      "data" : {
        "id" : "194",
        "NeighborhoodConnectivity" : 5.0,
        "Column_2" : "place",
        "NumberOfDirectedEdges" : 2,
        "SUID" : 194,
        "Column_3" : "rel",
        "Stress" : 0,
        "SelfLoops" : 0,
        "IsSingleNode" : false,
        "PartnerOfMultiEdgedNodePairs" : 0,
        "selected" : true,
        "name" : "Tartarian_Mts",
        "Degree" : 2,
        "TopologicalCoefficient" : 0.625,
        "BetweennessCentrality" : 0.0,
        "Radiality" : 0.59166667,
        "Eccentricity" : 6,
        "NumberOfUndirectedEdges" : 0,
        "ClosenessCentrality" : 0.28985507,
        "shared_name" : "Tartarian_Mts",
        "AverageShortestPathLength" : 3.45,
        "ClusteringCoefficient" : 1.0
      },
      "position" : {
        "x" : 976.049810218877,
        "y" : 496.52438068422884
      },
      "selected" : true
    }, {
      "data" : {
        "id" : "291",
        "NeighborhoodConnectivity" : 3.66666667,
        "Column_2" : "place",
        "NumberOfDirectedEdges" : 3,
        "SUID" : 291,
        "Column_3" : "rel",
        "Stress" : 0,
        "SelfLoops" : 0,
        "IsSingleNode" : false,
        "PartnerOfMultiEdgedNodePairs" : 0,
        "selected" : true,
        "name" : "Tchama",
        "Degree" : 3,
        "TopologicalCoefficient" : 0.73333333,
        "BetweennessCentrality" : 0.0,
        "Radiality" : 0.54166667,
        "Eccentricity" : 6,
        "NumberOfUndirectedEdges" : 0,
        "ClosenessCentrality" : 0.26666667,
        "shared_name" : "Tchama",
        "AverageShortestPathLength" : 3.75,
        "ClusteringCoefficient" : 1.0
      },
      "position" : {
        "x" : 128.28067569739264,
        "y" : 914.798583984375
      },
      "selected" : true
    }, {
      "data" : {
        "id" : "290",
        "NeighborhoodConnectivity" : 3.66666667,
        "Column_2" : "place",
        "NumberOfDirectedEdges" : 3,
        "SUID" : 290,
        "Column_3" : "rel",
        "Stress" : 0,
        "SelfLoops" : 0,
        "IsSingleNode" : false,
        "PartnerOfMultiEdgedNodePairs" : 0,
        "selected" : true,
        "name" : "Naïd",
        "Degree" : 3,
        "TopologicalCoefficient" : 0.73333333,
        "BetweennessCentrality" : 0.0,
        "Radiality" : 0.54166667,
        "Eccentricity" : 6,
        "NumberOfUndirectedEdges" : 0,
        "ClosenessCentrality" : 0.26666667,
        "shared_name" : "Naïd",
        "AverageShortestPathLength" : 3.75,
        "ClusteringCoefficient" : 1.0
      },
      "position" : {
        "x" : -400.36767578125,
        "y" : 1027.819036293096
      },
      "selected" : true
    }, {
      "data" : {
        "id" : "289",
        "NeighborhoodConnectivity" : 3.66666667,
        "Column_2" : "place",
        "NumberOfDirectedEdges" : 3,
        "SUID" : 289,
        "Column_3" : "rel",
        "Stress" : 0,
        "SelfLoops" : 0,
        "IsSingleNode" : false,
        "PartnerOfMultiEdgedNodePairs" : 0,
        "selected" : true,
        "name" : "Arud",
        "Degree" : 3,
        "TopologicalCoefficient" : 0.73333333,
        "BetweennessCentrality" : 0.0,
        "Radiality" : 0.54166667,
        "Eccentricity" : 6,
        "NumberOfUndirectedEdges" : 0,
        "ClosenessCentrality" : 0.26666667,
        "shared_name" : "Arud",
        "AverageShortestPathLength" : 3.75,
        "ClusteringCoefficient" : 1.0
      },
      "position" : {
        "x" : -321.11566162109375,
        "y" : 810.5846612930958
      },
      "selected" : true
    }, {
      "data" : {
        "id" : "332",
        "NeighborhoodConnectivity" : 4.83333333,
        "Column_2" : "place",
        "NumberOfDirectedEdges" : 6,
        "SUID" : 332,
        "Column_3" : "hereNow",
        "Stress" : 230,
        "SelfLoops" : 0,
        "IsSingleNode" : false,
        "PartnerOfMultiEdgedNodePairs" : 0,
        "selected" : true,
        "name" : "Irem",
        "Degree" : 6,
        "TopologicalCoefficient" : 0.37179487,
        "BetweennessCentrality" : 0.39473684,
        "Radiality" : 0.78333333,
        "Eccentricity" : 4,
        "NumberOfUndirectedEdges" : 0,
        "ClosenessCentrality" : 0.43478261,
        "shared_name" : "Irem",
        "AverageShortestPathLength" : 2.3,
        "ClusteringCoefficient" : 0.46666667
      },
      "position" : {
        "x" : -589.6473138602488,
        "y" : 1468.5534421234272
      },
      "selected" : true
    }, {
      "data" : {
        "id" : "270",
        "NeighborhoodConnectivity" : 6.0,
        "Column_2" : "metaplace",
        "NumberOfDirectedEdges" : 1,
        "SUID" : 270,
        "Column_3" : "rel",
        "Stress" : 0,
        "SelfLoops" : 0,
        "IsSingleNode" : false,
        "PartnerOfMultiEdgedNodePairs" : 0,
        "selected" : true,
        "name" : "Stars of Heaven",
        "Degree" : 1,
        "TopologicalCoefficient" : 0.0,
        "BetweennessCentrality" : 0.0,
        "Radiality" : 0.6,
        "Eccentricity" : 5,
        "NumberOfUndirectedEdges" : 0,
        "ClosenessCentrality" : 0.29411765,
        "shared_name" : "Stars of Heaven",
        "AverageShortestPathLength" : 3.4,
        "ClusteringCoefficient" : 0.0
      },
      "position" : {
        "x" : 1477.316162109375,
        "y" : 682.7120306014355
      },
      "selected" : true
    }, {
      "data" : {
        "id" : "292",
        "NeighborhoodConnectivity" : 0.0,
        "Column_2" : "place",
        "NumberOfDirectedEdges" : 0,
        "SUID" : 292,
        "Column_3" : "rel",
        "Stress" : 0,
        "SelfLoops" : 0,
        "IsSingleNode" : true,
        "PartnerOfMultiEdgedNodePairs" : 0,
        "selected" : true,
        "name" : "the Abyss",
        "Degree" : 0,
        "TopologicalCoefficient" : 0.0,
        "BetweennessCentrality" : 0.0,
        "Radiality" : 9.223372036854776E10,
        "Eccentricity" : 0,
        "NumberOfUndirectedEdges" : 0,
        "ClosenessCentrality" : 0.0,
        "shared_name" : "the Abyss",
        "AverageShortestPathLength" : 0.0,
        "ClusteringCoefficient" : 0.0
      },
      "position" : {
        "x" : -901.9927423477833,
        "y" : 1096.174072265625
      },
      "selected" : true
    }, {
      "data" : {
        "id" : "324",
        "NeighborhoodConnectivity" : 5.5,
        "Column_2" : "place",
        "NumberOfDirectedEdges" : 2,
        "SUID" : 324,
        "Column_3" : "rel",
        "Stress" : 0,
        "SelfLoops" : 0,
        "IsSingleNode" : false,
        "PartnerOfMultiEdgedNodePairs" : 0,
        "selected" : true,
        "name" : "Red_Hillock",
        "Degree" : 2,
        "TopologicalCoefficient" : 0.61111111,
        "BetweennessCentrality" : 0.0,
        "Radiality" : 0.65833333,
        "Eccentricity" : 5,
        "NumberOfUndirectedEdges" : 0,
        "ClosenessCentrality" : 0.32786885,
        "shared_name" : "Red_Hillock",
        "AverageShortestPathLength" : 3.05,
        "ClusteringCoefficient" : 1.0
      },
      "position" : {
        "x" : 1912.5390625,
        "y" : 682.7123357772167
      },
      "selected" : true
    }, {
      "data" : {
        "id" : "168",
        "NeighborhoodConnectivity" : 8.0,
        "Column_2" : "place",
        "NumberOfDirectedEdges" : 1,
        "SUID" : 168,
        "Column_3" : "rel",
        "Stress" : 0,
        "SelfLoops" : 0,
        "IsSingleNode" : false,
        "PartnerOfMultiEdgedNodePairs" : 0,
        "selected" : true,
        "name" : "Himiar",
        "Degree" : 1,
        "TopologicalCoefficient" : 0.0,
        "BetweennessCentrality" : 0.0,
        "Radiality" : 0.58333333,
        "Eccentricity" : 6,
        "NumberOfUndirectedEdges" : 0,
        "ClosenessCentrality" : 0.28571429,
        "shared_name" : "Himiar",
        "AverageShortestPathLength" : 3.5,
        "ClusteringCoefficient" : 0.0
      },
      "position" : {
        "x" : 1287.1450529095212,
        "y" : 484.77118473059573
      },
      "selected" : true
    }, {
      "data" : {
        "id" : "350",
        "NeighborhoodConnectivity" : 6.25,
        "Column_2" : "place",
        "NumberOfDirectedEdges" : 4,
        "SUID" : 350,
        "Column_3" : "pastVisit",
        "Stress" : 180,
        "SelfLoops" : 0,
        "IsSingleNode" : false,
        "PartnerOfMultiEdgedNodePairs" : 0,
        "selected" : true,
        "name" : "desert",
        "Degree" : 4,
        "TopologicalCoefficient" : 0.44642857,
        "BetweennessCentrality" : 0.18947368,
        "Radiality" : 0.79166667,
        "Eccentricity" : 4,
        "NumberOfUndirectedEdges" : 0,
        "ClosenessCentrality" : 0.44444444,
        "shared_name" : "desert",
        "AverageShortestPathLength" : 2.25,
        "ClusteringCoefficient" : 0.66666667
      },
      "position" : {
        "x" : -220.467529296875,
        "y" : 1516.985051918096
      },
      "selected" : true
    }, {
      "data" : {
        "id" : "346",
        "NeighborhoodConnectivity" : 4.66666667,
        "Column_2" : "place",
        "NumberOfDirectedEdges" : 6,
        "SUID" : 346,
        "Column_3" : "rel",
        "Stress" : 94,
        "SelfLoops" : 0,
        "IsSingleNode" : false,
        "PartnerOfMultiEdgedNodePairs" : 0,
        "selected" : true,
        "name" : "the_East",
        "Degree" : 6,
        "TopologicalCoefficient" : 0.5,
        "BetweennessCentrality" : 0.1122807,
        "Radiality" : 0.75833333,
        "Eccentricity" : 4,
        "NumberOfUndirectedEdges" : 0,
        "ClosenessCentrality" : 0.40816327,
        "shared_name" : "the_East",
        "AverageShortestPathLength" : 2.45,
        "ClusteringCoefficient" : 0.53333333
      },
      "position" : {
        "x" : 3209.947698402471,
        "y" : 1369.562744140625
      },
      "selected" : true
    }, {
      "data" : {
        "id" : "166",
        "NeighborhoodConnectivity" : 5.0,
        "Column_2" : "place",
        "NumberOfDirectedEdges" : 2,
        "SUID" : 166,
        "Column_3" : "hereNow",
        "Stress" : 0,
        "SelfLoops" : 0,
        "IsSingleNode" : false,
        "PartnerOfMultiEdgedNodePairs" : 0,
        "selected" : true,
        "name" : "Tartarian-Sultanate",
        "Degree" : 2,
        "TopologicalCoefficient" : 0.625,
        "BetweennessCentrality" : 0.0,
        "Radiality" : 0.59166667,
        "Eccentricity" : 6,
        "NumberOfUndirectedEdges" : 0,
        "ClosenessCentrality" : 0.28985507,
        "shared_name" : "Tartarian-Sultanate",
        "AverageShortestPathLength" : 3.45,
        "ClusteringCoefficient" : 1.0
      },
      "position" : {
        "x" : 542.6965997696582,
        "y" : 580.1793212890625
      },
      "selected" : true
    }, {
      "data" : {
        "id" : "190",
        "NeighborhoodConnectivity" : 2.25,
        "Column_2" : "metaplace",
        "NumberOfDirectedEdges" : 8,
        "SUID" : 190,
        "Column_3" : "pastVisit",
        "Stress" : 350,
        "SelfLoops" : 0,
        "IsSingleNode" : false,
        "PartnerOfMultiEdgedNodePairs" : 0,
        "selected" : true,
        "name" : "Paradise-Aloadin",
        "Degree" : 8,
        "TopologicalCoefficient" : 0.26785714,
        "BetweennessCentrality" : 0.44473684,
        "Radiality" : 0.74166667,
        "Eccentricity" : 5,
        "NumberOfUndirectedEdges" : 0,
        "ClosenessCentrality" : 0.39215686,
        "shared_name" : "Paradise-Aloadin",
        "AverageShortestPathLength" : 2.55,
        "ClusteringCoefficient" : 0.10714286
      },
      "position" : {
        "x" : 1016.7648370743457,
        "y" : 1857.0164794921875
      },
      "selected" : true
    }, {
      "data" : {
        "id" : "303",
        "NeighborhoodConnectivity" : 5.0,
        "Column_2" : "place",
        "NumberOfDirectedEdges" : 7,
        "SUID" : 303,
        "Column_3" : "rel",
        "Stress" : 314,
        "SelfLoops" : 0,
        "IsSingleNode" : false,
        "PartnerOfMultiEdgedNodePairs" : 0,
        "selected" : true,
        "name" : "Syria",
        "Degree" : 7,
        "TopologicalCoefficient" : 0.41666667,
        "BetweennessCentrality" : 0.41491228,
        "Radiality" : 0.825,
        "Eccentricity" : 3,
        "NumberOfUndirectedEdges" : 0,
        "ClosenessCentrality" : 0.48780488,
        "shared_name" : "Syria",
        "AverageShortestPathLength" : 2.05,
        "ClusteringCoefficient" : 0.52380952
      },
      "position" : {
        "x" : 610.3526861397512,
        "y" : 1468.5534421234272
      },
      "selected" : true
    }, {
      "data" : {
        "id" : "326",
        "NeighborhoodConnectivity" : 3.4,
        "Column_2" : "place",
        "NumberOfDirectedEdges" : 5,
        "SUID" : 326,
        "Column_3" : "rel",
        "Stress" : 150,
        "SelfLoops" : 0,
        "IsSingleNode" : false,
        "PartnerOfMultiEdgedNodePairs" : 0,
        "selected" : true,
        "name" : "Hejaz",
        "Degree" : 5,
        "TopologicalCoefficient" : 0.37777778,
        "BetweennessCentrality" : 0.26842105,
        "Radiality" : 0.68333333,
        "Eccentricity" : 5,
        "NumberOfUndirectedEdges" : 0,
        "ClosenessCentrality" : 0.34482759,
        "shared_name" : "Hejaz",
        "AverageShortestPathLength" : 2.9,
        "ClusteringCoefficient" : 0.4
      },
      "position" : {
        "x" : 2255.3016604180693,
        "y" : 823.6044678451094
      },
      "selected" : true
    }, {
      "data" : {
        "id" : "298",
        "NeighborhoodConnectivity" : 0.0,
        "Column_2" : "metaplace",
        "NumberOfDirectedEdges" : 0,
        "SUID" : 298,
        "Column_3" : "rel",
        "Stress" : 0,
        "SelfLoops" : 0,
        "IsSingleNode" : true,
        "PartnerOfMultiEdgedNodePairs" : 0,
        "selected" : true,
        "name" : "Under_Ocean",
        "Degree" : 0,
        "TopologicalCoefficient" : 0.0,
        "BetweennessCentrality" : 0.0,
        "Radiality" : 9.223372036854776E10,
        "Eccentricity" : 0,
        "NumberOfUndirectedEdges" : 0,
        "ClosenessCentrality" : 0.0,
        "shared_name" : "Under_Ocean",
        "AverageShortestPathLength" : 0.0,
        "ClusteringCoefficient" : 0.0
      },
      "position" : {
        "x" : -665.4463445662793,
        "y" : 664.294189453125
      },
      "selected" : true
    }, {
      "data" : {
        "id" : "272",
        "NeighborhoodConnectivity" : 0.0,
        "Column_2" : "metaplace",
        "NumberOfDirectedEdges" : 0,
        "SUID" : 272,
        "Column_3" : "rel",
        "Stress" : 0,
        "SelfLoops" : 0,
        "IsSingleNode" : true,
        "PartnerOfMultiEdgedNodePairs" : 0,
        "selected" : true,
        "name" : "Caves in the uttermost West",
        "Degree" : 0,
        "TopologicalCoefficient" : 0.0,
        "BetweennessCentrality" : 0.0,
        "Radiality" : 9.223372036854776E10,
        "Eccentricity" : 0,
        "NumberOfUndirectedEdges" : 0,
        "ClosenessCentrality" : 0.0,
        "shared_name" : "Caves in the uttermost West",
        "AverageShortestPathLength" : 0.0,
        "ClusteringCoefficient" : 0.0
      },
      "position" : {
        "x" : -998.453125,
        "y" : 734.7404230118457
      },
      "selected" : true
    }, {
      "data" : {
        "id" : "293",
        "NeighborhoodConnectivity" : 0.0,
        "Column_2" : "place",
        "NumberOfDirectedEdges" : 0,
        "SUID" : 293,
        "Column_3" : "rel",
        "Stress" : 0,
        "SelfLoops" : 0,
        "IsSingleNode" : true,
        "PartnerOfMultiEdgedNodePairs" : 0,
        "selected" : true,
        "name" : "Caucasus",
        "Degree" : 0,
        "TopologicalCoefficient" : 0.0,
        "BetweennessCentrality" : 0.0,
        "Radiality" : 9.223372036854776E10,
        "Eccentricity" : 0,
        "NumberOfUndirectedEdges" : 0,
        "ClosenessCentrality" : 0.0,
        "shared_name" : "Caucasus",
        "AverageShortestPathLength" : 0.0,
        "ClusteringCoefficient" : 0.0
      },
      "position" : {
        "x" : -757.5038507462208,
        "y" : 1012.519287109375
      },
      "selected" : true
    }, {
      "data" : {
        "id" : "286",
        "NeighborhoodConnectivity" : 8.0,
        "Column_2" : "place",
        "NumberOfDirectedEdges" : 1,
        "SUID" : 286,
        "Column_3" : "pastVisit",
        "Stress" : 0,
        "SelfLoops" : 0,
        "IsSingleNode" : false,
        "PartnerOfMultiEdgedNodePairs" : 0,
        "selected" : true,
        "name" : "Isle_of_Palms",
        "Degree" : 1,
        "TopologicalCoefficient" : 0.0,
        "BetweennessCentrality" : 0.0,
        "Radiality" : 0.58333333,
        "Eccentricity" : 6,
        "NumberOfUndirectedEdges" : 0,
        "ClosenessCentrality" : 0.28571429,
        "shared_name" : "Isle_of_Palms",
        "AverageShortestPathLength" : 3.5,
        "ClusteringCoefficient" : 0.0
      },
      "position" : {
        "x" : 314.4092878343654,
        "y" : 725.4744873046875
      },
      "selected" : true
    }, {
      "data" : {
        "id" : "310",
        "NeighborhoodConnectivity" : 5.6,
        "Column_2" : "place",
        "NumberOfDirectedEdges" : 5,
        "SUID" : 310,
        "Column_3" : "rel",
        "Stress" : 14,
        "SelfLoops" : 0,
        "IsSingleNode" : false,
        "PartnerOfMultiEdgedNodePairs" : 0,
        "selected" : true,
        "name" : "the_West",
        "Degree" : 5,
        "TopologicalCoefficient" : 0.56,
        "BetweennessCentrality" : 0.0122807,
        "Radiality" : 0.75,
        "Eccentricity" : 4,
        "NumberOfUndirectedEdges" : 0,
        "ClosenessCentrality" : 0.4,
        "shared_name" : "the_West",
        "AverageShortestPathLength" : 2.5,
        "ClusteringCoefficient" : 0.8
      },
      "position" : {
        "x" : 2215.557239913808,
        "y" : 242.4233203889259
      },
      "selected" : true
    }, {
      "data" : {
        "id" : "243",
        "NeighborhoodConnectivity" : 5.2,
        "Column_2" : "place",
        "NumberOfDirectedEdges" : 5,
        "SUID" : 243,
        "Column_3" : "rel",
        "Stress" : 212,
        "SelfLoops" : 0,
        "IsSingleNode" : false,
        "PartnerOfMultiEdgedNodePairs" : 0,
        "selected" : true,
        "name" : "Haleb",
        "Degree" : 5,
        "TopologicalCoefficient" : 0.37142857,
        "BetweennessCentrality" : 0.25526316,
        "Radiality" : 0.8,
        "Eccentricity" : 4,
        "NumberOfUndirectedEdges" : 0,
        "ClosenessCentrality" : 0.45454545,
        "shared_name" : "Haleb",
        "AverageShortestPathLength" : 2.2,
        "ClusteringCoefficient" : 0.5
      },
      "position" : {
        "x" : 166.32379150390625,
        "y" : 1358.4813787459668
      },
      "selected" : true
    }, {
      "data" : {
        "id" : "179",
        "NeighborhoodConnectivity" : 6.5,
        "Column_2" : "place",
        "NumberOfDirectedEdges" : 2,
        "SUID" : 179,
        "Column_3" : "rel",
        "Stress" : 0,
        "SelfLoops" : 0,
        "IsSingleNode" : false,
        "PartnerOfMultiEdgedNodePairs" : 0,
        "selected" : true,
        "name" : "Malavert",
        "Degree" : 2,
        "TopologicalCoefficient" : 0.65,
        "BetweennessCentrality" : 0.0,
        "Radiality" : 0.69166667,
        "Eccentricity" : 5,
        "NumberOfUndirectedEdges" : 0,
        "ClosenessCentrality" : 0.35087719,
        "shared_name" : "Malavert",
        "AverageShortestPathLength" : 2.85,
        "ClusteringCoefficient" : 1.0
      },
      "position" : {
        "x" : 2655.3016604180693,
        "y" : 823.6044678451094
      },
      "selected" : true
    }, {
      "data" : {
        "id" : "181",
        "NeighborhoodConnectivity" : 8.0,
        "Column_2" : "place",
        "NumberOfDirectedEdges" : 1,
        "SUID" : 181,
        "Column_3" : "rel",
        "Stress" : 0,
        "SelfLoops" : 0,
        "IsSingleNode" : false,
        "PartnerOfMultiEdgedNodePairs" : 0,
        "selected" : true,
        "name" : "Shiraz",
        "Degree" : 1,
        "TopologicalCoefficient" : 0.0,
        "BetweennessCentrality" : 0.0,
        "Radiality" : 0.58333333,
        "Eccentricity" : 6,
        "NumberOfUndirectedEdges" : 0,
        "ClosenessCentrality" : 0.28571429,
        "shared_name" : "Shiraz",
        "AverageShortestPathLength" : 3.5,
        "ClusteringCoefficient" : 0.0
      },
      "position" : {
        "x" : 305.301660418069,
        "y" : 1010.2070082235533
      },
      "selected" : true
    }, {
      "data" : {
        "id" : "245",
        "NeighborhoodConnectivity" : 5.4,
        "Column_2" : "place",
        "NumberOfDirectedEdges" : 5,
        "SUID" : 245,
        "Column_3" : "rel",
        "Stress" : 90,
        "SelfLoops" : 0,
        "IsSingleNode" : false,
        "PartnerOfMultiEdgedNodePairs" : 0,
        "selected" : true,
        "name" : "Armenia",
        "Degree" : 5,
        "TopologicalCoefficient" : 0.54,
        "BetweennessCentrality" : 0.07105263,
        "Radiality" : 0.76666667,
        "Eccentricity" : 4,
        "NumberOfUndirectedEdges" : 0,
        "ClosenessCentrality" : 0.41666667,
        "shared_name" : "Armenia",
        "AverageShortestPathLength" : 2.4,
        "ClusteringCoefficient" : 0.6
      },
      "position" : {
        "x" : -989.6473138602488,
        "y" : 1468.5534421234272
      },
      "selected" : true
    }, {
      "data" : {
        "id" : "331",
        "NeighborhoodConnectivity" : 6.0,
        "Column_2" : "metaplace",
        "NumberOfDirectedEdges" : 4,
        "SUID" : 331,
        "Column_3" : "hereNow",
        "Stress" : 0,
        "SelfLoops" : 0,
        "IsSingleNode" : false,
        "PartnerOfMultiEdgedNodePairs" : 0,
        "selected" : true,
        "name" : "Irem_removed",
        "Degree" : 4,
        "TopologicalCoefficient" : 0.6,
        "BetweennessCentrality" : 0.0,
        "Radiality" : 0.74166667,
        "Eccentricity" : 4,
        "NumberOfUndirectedEdges" : 0,
        "ClosenessCentrality" : 0.39215686,
        "shared_name" : "Irem_removed",
        "AverageShortestPathLength" : 2.55,
        "ClusteringCoefficient" : 1.0
      },
      "position" : {
        "x" : 428.6484151844829,
        "y" : 395.2579900740917
      },
      "selected" : true
    }, {
      "data" : {
        "id" : "210",
        "NeighborhoodConnectivity" : 0.0,
        "Column_2" : "place",
        "NumberOfDirectedEdges" : 0,
        "SUID" : 210,
        "Column_3" : "rel",
        "Stress" : 0,
        "SelfLoops" : 0,
        "IsSingleNode" : true,
        "PartnerOfMultiEdgedNodePairs" : 0,
        "selected" : true,
        "name" : "Assyria",
        "Degree" : 0,
        "TopologicalCoefficient" : 0.0,
        "BetweennessCentrality" : 0.0,
        "Radiality" : 9.223372036854776E10,
        "Eccentricity" : 0,
        "NumberOfUndirectedEdges" : 0,
        "ClosenessCentrality" : 0.0,
        "shared_name" : "Assyria",
        "AverageShortestPathLength" : 0.0,
        "ClusteringCoefficient" : 0.0
      },
      "position" : {
        "x" : -897.5899047851562,
        "y" : 628.674310874873
      },
      "selected" : true
    } ],
    "edges" : [ {
      "data" : {
        "id" : "1178",
        "source" : "194",
        "target" : "190",
        "selected" : false,
        "EdgeBetweenness" : 38.0,
        "Column_5" : "B7_lg416",
        "SUID" : 1178,
        "name" : "Tartarian_Mts (main) Paradise-Aloadin",
        "Column_3" : "rel",
        "interaction" : "main",
        "shared_interaction" : "main",
        "shared_name" : "Tartarian_Mts (main) Paradise-Aloadin"
      },
      "selected" : false
    }, {
      "data" : {
        "id" : "1925",
        "source" : "291",
        "target" : "326",
        "selected" : false,
        "EdgeBetweenness" : 36.0,
        "Column_5" : "B2_lg87",
        "SUID" : 1925,
        "name" : "Tchama (main) Hejaz",
        "Column_3" : "rel",
        "interaction" : "main",
        "shared_interaction" : "main",
        "shared_name" : "Tchama (main) Hejaz"
      },
      "selected" : false
    }, {
      "data" : {
        "id" : "1921",
        "source" : "290",
        "target" : "326",
        "selected" : false,
        "EdgeBetweenness" : 36.0,
        "Column_5" : "B2_lg87",
        "SUID" : 1921,
        "name" : "Naïd (main) Hejaz",
        "Column_3" : "rel",
        "interaction" : "main",
        "shared_interaction" : "main",
        "shared_name" : "Naïd (main) Hejaz"
      },
      "selected" : false
    }, {
      "data" : {
        "id" : "1923",
        "source" : "290",
        "target" : "291",
        "selected" : false,
        "EdgeBetweenness" : 2.0,
        "Column_5" : "B2_lg87",
        "SUID" : 1923,
        "name" : "Naïd (main) Tchama",
        "Column_3" : "rel",
        "interaction" : "main",
        "shared_interaction" : "main",
        "shared_name" : "Naïd (main) Tchama"
      },
      "selected" : false
    }, {
      "data" : {
        "id" : "1916",
        "source" : "289",
        "target" : "326",
        "selected" : false,
        "EdgeBetweenness" : 36.0,
        "Column_5" : "B2_lg87",
        "SUID" : 1916,
        "name" : "Arud (main) Hejaz",
        "Column_3" : "rel",
        "interaction" : "main",
        "shared_interaction" : "main",
        "shared_name" : "Arud (main) Hejaz"
      },
      "selected" : false
    }, {
      "data" : {
        "id" : "1918",
        "source" : "289",
        "target" : "290",
        "selected" : false,
        "EdgeBetweenness" : 2.0,
        "Column_5" : "B2_lg87",
        "SUID" : 1918,
        "name" : "Arud (main) Naïd",
        "Column_3" : "rel",
        "interaction" : "main",
        "shared_interaction" : "main",
        "shared_name" : "Arud (main) Naïd"
      },
      "selected" : false
    }, {
      "data" : {
        "id" : "1919",
        "source" : "289",
        "target" : "291",
        "selected" : false,
        "EdgeBetweenness" : 2.0,
        "Column_5" : "B2_lg87",
        "SUID" : 1919,
        "name" : "Arud (main) Tchama",
        "Column_3" : "rel",
        "interaction" : "main",
        "shared_interaction" : "main",
        "shared_name" : "Arud (main) Tchama"
      },
      "selected" : false
    }, {
      "data" : {
        "id" : "2302",
        "source" : "332",
        "target" : "346",
        "selected" : false,
        "EdgeBetweenness" : 28.0,
        "Column_5" : "B1_lg35",
        "SUID" : 2302,
        "name" : "Irem (note) the_East",
        "Column_3" : "no-ana",
        "interaction" : "note",
        "shared_interaction" : "note",
        "shared_name" : "Irem (note) the_East"
      },
      "selected" : false
    }, {
      "data" : {
        "id" : "1768",
        "source" : "270",
        "target" : "346",
        "selected" : false,
        "EdgeBetweenness" : 40.0,
        "Column_5" : "B3_lg174",
        "SUID" : 1768,
        "name" : "Stars of Heaven (main) the_East",
        "Column_3" : "rel",
        "interaction" : "main",
        "shared_interaction" : "main",
        "shared_name" : "Stars of Heaven (main) the_East"
      },
      "selected" : false
    }, {
      "data" : {
        "id" : "2247",
        "source" : "324",
        "target" : "332",
        "selected" : false,
        "EdgeBetweenness" : 32.0,
        "Column_5" : "B1_lg20",
        "SUID" : 2247,
        "name" : "Red_Hillock (note) Irem",
        "Column_3" : "no-ana",
        "interaction" : "note",
        "shared_interaction" : "note",
        "shared_name" : "Red_Hillock (note) Irem"
      },
      "selected" : false
    }, {
      "data" : {
        "id" : "2244",
        "source" : "324",
        "target" : "326",
        "selected" : false,
        "EdgeBetweenness" : 8.0,
        "Column_5" : "B1_lg20",
        "SUID" : 2244,
        "name" : "Red_Hillock (note) Hejaz",
        "Column_3" : "no-ana",
        "interaction" : "note",
        "shared_interaction" : "note",
        "shared_name" : "Red_Hillock (note) Hejaz"
      },
      "selected" : false
    }, {
      "data" : {
        "id" : "1017",
        "source" : "168",
        "target" : "190",
        "selected" : false,
        "EdgeBetweenness" : 40.0,
        "Column_5" : "B7_lg409",
        "SUID" : 1017,
        "name" : "Himiar (main) Paradise-Aloadin",
        "Column_3" : "rel",
        "interaction" : "main",
        "shared_interaction" : "main",
        "shared_name" : "Himiar (main) Paradise-Aloadin"
      },
      "selected" : false
    }, {
      "data" : {
        "id" : "1008",
        "source" : "166",
        "target" : "190",
        "selected" : false,
        "EdgeBetweenness" : 38.0,
        "Column_5" : "B7_lg411",
        "SUID" : 1008,
        "name" : "Tartarian-Sultanate (main) Paradise-Aloadin",
        "Column_3" : "rel",
        "interaction" : "main",
        "shared_interaction" : "main",
        "shared_name" : "Tartarian-Sultanate (main) Paradise-Aloadin"
      },
      "selected" : false
    }, {
      "data" : {
        "id" : "1009",
        "source" : "166",
        "target" : "194",
        "selected" : false,
        "EdgeBetweenness" : 2.0,
        "Column_5" : "B7_lg411",
        "SUID" : 1009,
        "name" : "Tartarian-Sultanate (main) Tartarian_Mts",
        "Column_3" : "rel",
        "interaction" : "main",
        "shared_interaction" : "main",
        "shared_name" : "Tartarian-Sultanate (main) Tartarian_Mts"
      },
      "selected" : false
    }, {
      "data" : {
        "id" : "1153",
        "source" : "190",
        "target" : "350",
        "selected" : false,
        "EdgeBetweenness" : 85.0,
        "Column_5" : "B7_lg408",
        "SUID" : 1153,
        "name" : "Paradise-Aloadin (main) desert",
        "Column_3" : "hereNow",
        "interaction" : "main",
        "shared_interaction" : "main",
        "shared_name" : "Paradise-Aloadin (main) desert"
      },
      "selected" : false
    }, {
      "data" : {
        "id" : "1157",
        "source" : "190",
        "target" : "243",
        "selected" : false,
        "EdgeBetweenness" : 84.0,
        "Column_5" : "B6_lg381",
        "SUID" : 1157,
        "name" : "Paradise-Aloadin (main) Haleb",
        "Column_3" : "hereNow",
        "interaction" : "main",
        "shared_interaction" : "main",
        "shared_name" : "Paradise-Aloadin (main) Haleb"
      },
      "selected" : false
    }, {
      "data" : {
        "id" : "2020",
        "source" : "303",
        "target" : "346",
        "selected" : false,
        "EdgeBetweenness" : 22.0,
        "Column_5" : "B1_lg35",
        "SUID" : 2020,
        "name" : "Syria (note) the_East",
        "Column_3" : "no-ana",
        "interaction" : "note",
        "shared_interaction" : "note",
        "shared_name" : "Syria (note) the_East"
      },
      "selected" : false
    }, {
      "data" : {
        "id" : "2022",
        "source" : "303",
        "target" : "331",
        "selected" : false,
        "EdgeBetweenness" : 20.66666667,
        "Column_5" : "B1_lg35",
        "SUID" : 2022,
        "name" : "Syria (note) Irem_removed",
        "Column_3" : "no-ana",
        "interaction" : "note",
        "shared_interaction" : "note",
        "shared_name" : "Syria (note) Irem_removed"
      },
      "selected" : false
    }, {
      "data" : {
        "id" : "2021",
        "source" : "303",
        "target" : "332",
        "selected" : false,
        "EdgeBetweenness" : 124.0,
        "Column_5" : "B1_lg35",
        "SUID" : 2021,
        "name" : "Syria (note) Irem",
        "Column_3" : "no-ana",
        "interaction" : "note",
        "shared_interaction" : "note",
        "shared_name" : "Syria (note) Irem"
      },
      "selected" : false
    }, {
      "data" : {
        "id" : "2018",
        "source" : "303",
        "target" : "350",
        "selected" : false,
        "EdgeBetweenness" : 76.0,
        "Column_5" : "B3_lg182",
        "SUID" : 2018,
        "name" : "Syria (main) desert",
        "Column_3" : "rel",
        "interaction" : "main",
        "shared_interaction" : "main",
        "shared_name" : "Syria (main) desert"
      },
      "selected" : false
    }, {
      "data" : {
        "id" : "2034",
        "source" : "303",
        "target" : "310",
        "selected" : false,
        "EdgeBetweenness" : 11.0,
        "Column_5" : "B1_lg35",
        "SUID" : 2034,
        "name" : "Syria (note) the_West",
        "Column_3" : "no-ana",
        "interaction" : "note",
        "shared_interaction" : "note",
        "shared_name" : "Syria (note) the_West"
      },
      "selected" : false
    }, {
      "data" : {
        "id" : "2263",
        "source" : "326",
        "target" : "332",
        "selected" : false,
        "EdgeBetweenness" : 128.0,
        "Column_5" : "B1_lg20",
        "SUID" : 2263,
        "name" : "Hejaz (note) Irem",
        "Column_3" : "no-ana",
        "interaction" : "note",
        "shared_interaction" : "note",
        "shared_name" : "Hejaz (note) Irem"
      },
      "selected" : false
    }, {
      "data" : {
        "id" : "1897",
        "source" : "286",
        "target" : "190",
        "selected" : false,
        "EdgeBetweenness" : 40.0,
        "Column_5" : "B7_lg393",
        "SUID" : 1897,
        "name" : "Isle_of_Palms (main) Paradise-Aloadin",
        "Column_3" : "pastVisit",
        "interaction" : "main",
        "shared_interaction" : "main",
        "shared_name" : "Isle_of_Palms (main) Paradise-Aloadin"
      },
      "selected" : false
    }, {
      "data" : {
        "id" : "2133",
        "source" : "310",
        "target" : "331",
        "selected" : false,
        "EdgeBetweenness" : 2.66666667,
        "Column_5" : "B1_lg35",
        "SUID" : 2133,
        "name" : "the_West (note) Irem_removed",
        "Column_3" : "no-ana",
        "interaction" : "note",
        "shared_interaction" : "note",
        "shared_name" : "the_West (note) Irem_removed"
      },
      "selected" : false
    }, {
      "data" : {
        "id" : "2132",
        "source" : "310",
        "target" : "332",
        "selected" : false,
        "EdgeBetweenness" : 16.0,
        "Column_5" : "B1_lg35",
        "SUID" : 2132,
        "name" : "the_West (note) Irem",
        "Column_3" : "no-ana",
        "interaction" : "note",
        "shared_interaction" : "note",
        "shared_name" : "the_West (note) Irem"
      },
      "selected" : false
    }, {
      "data" : {
        "id" : "2131",
        "source" : "310",
        "target" : "346",
        "selected" : false,
        "EdgeBetweenness" : 4.0,
        "Column_5" : "B5_lg317",
        "SUID" : 2131,
        "name" : "the_West (main) the_East",
        "Column_3" : "rel",
        "interaction" : "main",
        "shared_interaction" : "main",
        "shared_name" : "the_West (main) the_East"
      },
      "selected" : false
    }, {
      "data" : {
        "id" : "1507",
        "source" : "243",
        "target" : "245",
        "selected" : false,
        "EdgeBetweenness" : 25.0,
        "Column_5" : "B3_lg182",
        "SUID" : 1507,
        "name" : "Haleb (note) Armenia",
        "Column_3" : "no-ana",
        "interaction" : "note",
        "shared_interaction" : "note",
        "shared_name" : "Haleb (note) Armenia"
      },
      "selected" : false
    }, {
      "data" : {
        "id" : "1511",
        "source" : "243",
        "target" : "350",
        "selected" : false,
        "EdgeBetweenness" : 3.0,
        "Column_5" : "B3_lg182",
        "SUID" : 1511,
        "name" : "Haleb (note) desert",
        "Column_3" : "no-ana",
        "interaction" : "note",
        "shared_interaction" : "note",
        "shared_name" : "Haleb (note) desert"
      },
      "selected" : false
    }, {
      "data" : {
        "id" : "1510",
        "source" : "243",
        "target" : "303",
        "selected" : false,
        "EdgeBetweenness" : 95.0,
        "Column_5" : "B3_lg182",
        "SUID" : 1510,
        "name" : "Haleb (note) Syria",
        "Column_3" : "no-ana",
        "interaction" : "note",
        "shared_interaction" : "note",
        "shared_name" : "Haleb (note) Syria"
      },
      "selected" : false
    }, {
      "data" : {
        "id" : "1077",
        "source" : "179",
        "target" : "190",
        "selected" : false,
        "EdgeBetweenness" : 13.0,
        "Column_5" : "B6_lg381",
        "SUID" : 1077,
        "name" : "Malavert (main) Paradise-Aloadin",
        "Column_3" : "rel",
        "interaction" : "main",
        "shared_interaction" : "main",
        "shared_name" : "Malavert (main) Paradise-Aloadin"
      },
      "selected" : false
    }, {
      "data" : {
        "id" : "1076",
        "source" : "179",
        "target" : "243",
        "selected" : false,
        "EdgeBetweenness" : 27.0,
        "Column_5" : "B6_lg381",
        "SUID" : 1076,
        "name" : "Malavert (main) Haleb",
        "Column_3" : "rel",
        "interaction" : "main",
        "shared_interaction" : "main",
        "shared_name" : "Malavert (main) Haleb"
      },
      "selected" : false
    }, {
      "data" : {
        "id" : "1096",
        "source" : "181",
        "target" : "190",
        "selected" : false,
        "EdgeBetweenness" : 40.0,
        "Column_5" : "B6_lg379",
        "SUID" : 1096,
        "name" : "Shiraz (main) Paradise-Aloadin",
        "Column_3" : "rel",
        "interaction" : "main",
        "shared_interaction" : "main",
        "shared_name" : "Shiraz (main) Paradise-Aloadin"
      },
      "selected" : false
    }, {
      "data" : {
        "id" : "1523",
        "source" : "245",
        "target" : "310",
        "selected" : false,
        "EdgeBetweenness" : 15.66666667,
        "Column_5" : "B5_lg317",
        "SUID" : 1523,
        "name" : "Armenia (main) the_West",
        "Column_3" : "rel",
        "interaction" : "main",
        "shared_interaction" : "main",
        "shared_name" : "Armenia (main) the_West"
      },
      "selected" : false
    }, {
      "data" : {
        "id" : "1524",
        "source" : "245",
        "target" : "346",
        "selected" : false,
        "EdgeBetweenness" : 26.66666667,
        "Column_5" : "B5_lg317",
        "SUID" : 1524,
        "name" : "Armenia (main) the_East",
        "Column_3" : "rel",
        "interaction" : "main",
        "shared_interaction" : "main",
        "shared_name" : "Armenia (main) the_East"
      },
      "selected" : false
    }, {
      "data" : {
        "id" : "1530",
        "source" : "245",
        "target" : "350",
        "selected" : false,
        "EdgeBetweenness" : 20.0,
        "Column_5" : "B3_lg182",
        "SUID" : 1530,
        "name" : "Armenia (note) desert",
        "Column_3" : "no-ana",
        "interaction" : "note",
        "shared_interaction" : "note",
        "shared_name" : "Armenia (note) desert"
      },
      "selected" : false
    }, {
      "data" : {
        "id" : "1528",
        "source" : "245",
        "target" : "303",
        "selected" : false,
        "EdgeBetweenness" : 6.66666667,
        "Column_5" : "B3_lg182",
        "SUID" : 1528,
        "name" : "Armenia (note) Syria",
        "Column_3" : "no-ana",
        "interaction" : "note",
        "shared_interaction" : "note",
        "shared_name" : "Armenia (note) Syria"
      },
      "selected" : false
    }, {
      "data" : {
        "id" : "2299",
        "source" : "331",
        "target" : "346",
        "selected" : false,
        "EdgeBetweenness" : 4.66666667,
        "Column_5" : "B1_lg35",
        "SUID" : 2299,
        "name" : "Irem_removed (note) the_East",
        "Column_3" : "no-ana",
        "interaction" : "note",
        "shared_interaction" : "note",
        "shared_name" : "Irem_removed (note) the_East"
      },
      "selected" : false
    }, {
      "data" : {
        "id" : "2298",
        "source" : "331",
        "target" : "332",
        "selected" : false,
        "EdgeBetweenness" : 12.0,
        "Column_5" : "B1_lg49",
        "SUID" : 2298,
        "name" : "Irem_removed (main) Irem",
        "Column_3" : "hereNow",
        "interaction" : "main",
        "shared_interaction" : "main",
        "shared_name" : "Irem_removed (main) Irem"
      },
      "selected" : false
    } ]
  }
}