{
  "format_version" : "1.0",
  "generated_by" : "cytoscape-3.2.0",
  "target_cytoscapejs_version" : "~2.1",
  "data" : {
    "selected" : false,
    "__Annotations" : [ "text=Metaplaces in Thalaba|color=-3407668|zoom=0.21009249035844466|canvas=foreground|fontStyle=0|fontFamily=Arial|uuid=f62d6c67-7dc1-426a-be74-7048fa3a2bff|fontSize=36|type=org.cytoscape.view.presentation.annotations.TextAnnotation|y=1486.0|x=1775.0" ],
    "shared_name" : "ThalabaAna.tsv(1)",
    "SUID" : 2439,
    "name" : "ThalabaAna.tsv(1)"
  },
  "elements" : {
    "nodes" : [ {
      "data" : {
        "id" : "300",
        "NeighborhoodConnectivity" : 25.6,
        "Column_2" : "metaplace",
        "NumberOfDirectedEdges" : 25,
        "SUID" : 300,
        "Column_3" : "no-ana",
        "Stress" : 5802,
        "SelfLoops" : 0,
        "IsSingleNode" : false,
        "PartnerOfMultiEdgedNodePairs" : 0,
        "selected" : false,
        "name" : "Paradise",
        "Degree" : 25,
        "TopologicalCoefficient" : 0.11130435,
        "BetweennessCentrality" : 0.01174528,
        "Radiality" : 0.78411552,
        "Eccentricity" : 3,
        "NumberOfUndirectedEdges" : 0,
        "ClosenessCentrality" : 0.48090278,
        "shared_name" : "Paradise",
        "AverageShortestPathLength" : 2.07942238,
        "ClusteringCoefficient" : 0.28
      },
      "position" : {
        "x" : 810.5175170898438,
        "y" : 228.61125483425462
      },
      "selected" : false
    }, {
      "data" : {
        "id" : "265",
        "NeighborhoodConnectivity" : 25.66666667,
        "Column_2" : "metaplace",
        "NumberOfDirectedEdges" : 9,
        "SUID" : 265,
        "Column_3" : "no-ana",
        "Stress" : 0,
        "SelfLoops" : 0,
        "IsSingleNode" : false,
        "PartnerOfMultiEdgedNodePairs" : 0,
        "selected" : false,
        "name" : "9th_Firmament",
        "Degree" : 9,
        "TopologicalCoefficient" : 0.22916667,
        "BetweennessCentrality" : 0.0,
        "Radiality" : 0.68375451,
        "Eccentricity" : 4,
        "NumberOfUndirectedEdges" : 0,
        "ClosenessCentrality" : 0.38741259,
        "shared_name" : "9th_Firmament",
        "AverageShortestPathLength" : 2.58122744,
        "ClusteringCoefficient" : 1.0
      },
      "position" : {
        "x" : 718.7915974669022,
        "y" : 1000.6766171549309
      },
      "selected" : false
    }, {
      "data" : {
        "id" : "266",
        "NeighborhoodConnectivity" : 25.66666667,
        "Column_2" : "metaplace",
        "NumberOfDirectedEdges" : 9,
        "SUID" : 266,
        "Column_3" : "no-ana",
        "Stress" : 0,
        "SelfLoops" : 0,
        "IsSingleNode" : false,
        "PartnerOfMultiEdgedNodePairs" : 0,
        "selected" : false,
        "name" : "the_Arsch",
        "Degree" : 9,
        "TopologicalCoefficient" : 0.22916667,
        "BetweennessCentrality" : 0.0,
        "Radiality" : 0.68375451,
        "Eccentricity" : 4,
        "NumberOfUndirectedEdges" : 0,
        "ClosenessCentrality" : 0.38741259,
        "shared_name" : "the_Arsch",
        "AverageShortestPathLength" : 2.58122744,
        "ClusteringCoefficient" : 1.0
      },
      "position" : {
        "x" : 593.7915974669022,
        "y" : 1041.2915791840442
      },
      "selected" : false
    }, {
      "data" : {
        "id" : "98",
        "NeighborhoodConnectivity" : 42.33333333,
        "Column_2" : "metaplace",
        "NumberOfDirectedEdges" : 3,
        "SUID" : 98,
        "Column_3" : "no-ana",
        "Stress" : 0,
        "SelfLoops" : 0,
        "IsSingleNode" : false,
        "PartnerOfMultiEdgedNodePairs" : 0,
        "selected" : false,
        "name" : "The Upas Tree of Death",
        "Degree" : 3,
        "TopologicalCoefficient" : 0.40705128,
        "BetweennessCentrality" : 0.0,
        "Radiality" : 0.66787004,
        "Eccentricity" : 4,
        "NumberOfUndirectedEdges" : 0,
        "ClosenessCentrality" : 0.37584803,
        "shared_name" : "The Upas Tree of Death",
        "AverageShortestPathLength" : 2.66064982,
        "ClusteringCoefficient" : 1.0
      },
      "position" : {
        "x" : 2977.006591796875,
        "y" : 880.9691955080827
      },
      "selected" : false
    }, {
      "data" : {
        "id" : "297",
        "NeighborhoodConnectivity" : 32.14285714,
        "Column_2" : "metaplace",
        "NumberOfDirectedEdges" : 14,
        "SUID" : 297,
        "Column_3" : "no-ana",
        "Stress" : 1190,
        "SelfLoops" : 0,
        "IsSingleNode" : false,
        "PartnerOfMultiEdgedNodePairs" : 0,
        "selected" : false,
        "name" : "throne_of_God",
        "Degree" : 14,
        "TopologicalCoefficient" : 0.1924722,
        "BetweennessCentrality" : 0.00155897,
        "Radiality" : 0.73068592,
        "Eccentricity" : 3,
        "NumberOfUndirectedEdges" : 0,
        "ClosenessCentrality" : 0.42615385,
        "shared_name" : "throne_of_God",
        "AverageShortestPathLength" : 2.3465704,
        "ClusteringCoefficient" : 0.61538462
      },
      "position" : {
        "x" : -1713.2373046875,
        "y" : 1019.0034607419174
      },
      "selected" : false
    }, {
      "data" : {
        "id" : "270",
        "NeighborhoodConnectivity" : 25.66666667,
        "Column_2" : "metaplace",
        "NumberOfDirectedEdges" : 9,
        "SUID" : 270,
        "Column_3" : "rel",
        "Stress" : 0,
        "SelfLoops" : 0,
        "IsSingleNode" : false,
        "PartnerOfMultiEdgedNodePairs" : 0,
        "selected" : false,
        "name" : "Stars of Heaven",
        "Degree" : 9,
        "TopologicalCoefficient" : 0.22916667,
        "BetweennessCentrality" : 0.0,
        "Radiality" : 0.68375451,
        "Eccentricity" : 4,
        "NumberOfUndirectedEdges" : 0,
        "ClosenessCentrality" : 0.38741259,
        "shared_name" : "Stars of Heaven",
        "AverageShortestPathLength" : 2.58122744,
        "ClusteringCoefficient" : 1.0
      },
      "position" : {
        "x" : 829.364483691136,
        "y" : 1097.4885681637923
      },
      "selected" : false
    }, {
      "data" : {
        "id" : "154",
        "NeighborhoodConnectivity" : 32.5,
        "Column_2" : "metaplace",
        "NumberOfDirectedEdges" : 2,
        "SUID" : 154,
        "Column_3" : "no-ana",
        "Stress" : 0,
        "SelfLoops" : 0,
        "IsSingleNode" : false,
        "PartnerOfMultiEdgedNodePairs" : 0,
        "selected" : false,
        "name" : "Greek_Tombs",
        "Degree" : 2,
        "TopologicalCoefficient" : 0.51587302,
        "BetweennessCentrality" : 0.0,
        "Radiality" : 0.633213,
        "Eccentricity" : 4,
        "NumberOfUndirectedEdges" : 0,
        "ClosenessCentrality" : 0.35286624,
        "shared_name" : "Greek_Tombs",
        "AverageShortestPathLength" : 2.83393502,
        "ClusteringCoefficient" : 1.0
      },
      "position" : {
        "x" : -227.56095168933962,
        "y" : 1618.8113670739253
      },
      "selected" : false
    }, {
      "data" : {
        "id" : "267",
        "NeighborhoodConnectivity" : 25.66666667,
        "Column_2" : "metaplace",
        "NumberOfDirectedEdges" : 9,
        "SUID" : 267,
        "Column_3" : "no-ana",
        "Stress" : 0,
        "SelfLoops" : 0,
        "IsSingleNode" : false,
        "PartnerOfMultiEdgedNodePairs" : 0,
        "selected" : false,
        "name" : "8th_Firmament",
        "Degree" : 9,
        "TopologicalCoefficient" : 0.22916667,
        "BetweennessCentrality" : 0.0,
        "Radiality" : 0.68375451,
        "Eccentricity" : 4,
        "NumberOfUndirectedEdges" : 0,
        "ClosenessCentrality" : 0.38741259,
        "shared_name" : "8th_Firmament",
        "AverageShortestPathLength" : 2.58122744,
        "ClusteringCoefficient" : 1.0
      },
      "position" : {
        "x" : 574.7521544924577,
        "y" : 1167.9647216796875
      },
      "selected" : false
    }, {
      "data" : {
        "id" : "163",
        "NeighborhoodConnectivity" : 41.6,
        "Column_2" : "metaplace",
        "NumberOfDirectedEdges" : 10,
        "SUID" : 163,
        "Column_3" : "no-ana",
        "Stress" : 0,
        "SelfLoops" : 0,
        "IsSingleNode" : false,
        "PartnerOfMultiEdgedNodePairs" : 0,
        "selected" : false,
        "name" : "Paradise-Senex",
        "Degree" : 10,
        "TopologicalCoefficient" : 0.2273224,
        "BetweennessCentrality" : 0.0,
        "Radiality" : 0.73862816,
        "Eccentricity" : 4,
        "NumberOfUndirectedEdges" : 0,
        "ClosenessCentrality" : 0.43348983,
        "shared_name" : "Paradise-Senex",
        "AverageShortestPathLength" : 2.30685921,
        "ClusteringCoefficient" : 1.0
      },
      "position" : {
        "x" : 3393.968060351292,
        "y" : 365.76373291015625
      },
      "selected" : false
    }, {
      "data" : {
        "id" : "268",
        "NeighborhoodConnectivity" : 25.66666667,
        "Column_2" : "metaplace",
        "NumberOfDirectedEdges" : 9,
        "SUID" : 268,
        "Column_3" : "no-ana",
        "Stress" : 0,
        "SelfLoops" : 0,
        "IsSingleNode" : false,
        "PartnerOfMultiEdgedNodePairs" : 0,
        "selected" : false,
        "name" : "the_Kursy",
        "Degree" : 9,
        "TopologicalCoefficient" : 0.22916667,
        "BetweennessCentrality" : 0.0,
        "Radiality" : 0.68375451,
        "Eccentricity" : 4,
        "NumberOfUndirectedEdges" : 0,
        "ClosenessCentrality" : 0.38741259,
        "shared_name" : "the_Kursy",
        "AverageShortestPathLength" : 2.58122744,
        "ClusteringCoefficient" : 1.0
      },
      "position" : {
        "x" : 718.7915974669022,
        "y" : 1213.339319242941
      },
      "selected" : false
    }, {
      "data" : {
        "id" : "164",
        "NeighborhoodConnectivity" : 41.6,
        "Column_2" : "metaplace",
        "NumberOfDirectedEdges" : 10,
        "SUID" : 164,
        "Column_3" : "no-ana",
        "Stress" : 0,
        "SelfLoops" : 0,
        "IsSingleNode" : false,
        "PartnerOfMultiEdgedNodePairs" : 0,
        "selected" : true,
        "name" : "Paradise-Aladeules",
        "Degree" : 10,
        "TopologicalCoefficient" : 0.2273224,
        "BetweennessCentrality" : 0.0,
        "Radiality" : 0.73862816,
        "Eccentricity" : 4,
        "NumberOfUndirectedEdges" : 0,
        "ClosenessCentrality" : 0.43348983,
        "shared_name" : "Paradise-Aladeules",
        "AverageShortestPathLength" : 2.30685921,
        "ClusteringCoefficient" : 1.0
      },
      "position" : {
        "x" : 3408.2473572262925,
        "y" : 615.125732421875
      },
      "selected" : true
    }, {
      "data" : {
        "id" : "351",
        "NeighborhoodConnectivity" : 23.96296296,
        "Column_2" : "metaplace",
        "NumberOfDirectedEdges" : 54,
        "SUID" : 351,
        "Column_3" : "no-ana",
        "Stress" : 20512,
        "SelfLoops" : 0,
        "IsSingleNode" : false,
        "PartnerOfMultiEdgedNodePairs" : 0,
        "selected" : false,
        "name" : "sky",
        "Degree" : 54,
        "TopologicalCoefficient" : 0.1005291,
        "BetweennessCentrality" : 0.05007373,
        "Radiality" : 0.81227437,
        "Eccentricity" : 3,
        "NumberOfUndirectedEdges" : 0,
        "ClosenessCentrality" : 0.51582868,
        "shared_name" : "sky",
        "AverageShortestPathLength" : 1.93862816,
        "ClusteringCoefficient" : 0.25157233
      },
      "position" : {
        "x" : -541.7962281244595,
        "y" : 138.17488999104506
      },
      "selected" : false
    }, {
      "data" : {
        "id" : "165",
        "NeighborhoodConnectivity" : 41.6,
        "Column_2" : "metaplace",
        "NumberOfDirectedEdges" : 10,
        "SUID" : 165,
        "Column_3" : "no-ana",
        "Stress" : 0,
        "SelfLoops" : 0,
        "IsSingleNode" : false,
        "PartnerOfMultiEdgedNodePairs" : 0,
        "selected" : false,
        "name" : "Mahumetical Paradise",
        "Degree" : 10,
        "TopologicalCoefficient" : 0.2273224,
        "BetweennessCentrality" : 0.0,
        "Radiality" : 0.73862816,
        "Eccentricity" : 4,
        "NumberOfUndirectedEdges" : 0,
        "ClosenessCentrality" : 0.43348983,
        "shared_name" : "Mahumetical Paradise",
        "AverageShortestPathLength" : 2.30685921,
        "ClusteringCoefficient" : 1.0
      },
      "position" : {
        "x" : 3553.4878357419175,
        "y" : 499.9643249511719
      },
      "selected" : false
    }, {
      "data" : {
        "id" : "167",
        "NeighborhoodConnectivity" : 32.4,
        "Column_2" : "metaplace",
        "NumberOfDirectedEdges" : 5,
        "SUID" : 167,
        "Column_3" : "ana",
        "Stress" : 0,
        "SelfLoops" : 0,
        "IsSingleNode" : false,
        "PartnerOfMultiEdgedNodePairs" : 0,
        "selected" : false,
        "name" : "the gate of Death",
        "Degree" : 5,
        "TopologicalCoefficient" : 0.30566038,
        "BetweennessCentrality" : 0.0,
        "Radiality" : 0.67870036,
        "Eccentricity" : 4,
        "NumberOfUndirectedEdges" : 0,
        "ClosenessCentrality" : 0.38365651,
        "shared_name" : "the gate of Death",
        "AverageShortestPathLength" : 2.60649819,
        "ClusteringCoefficient" : 1.0
      },
      "position" : {
        "x" : 1596.0458460606392,
        "y" : 995.2045693239464
      },
      "selected" : false
    }, {
      "data" : {
        "id" : "347",
        "NeighborhoodConnectivity" : 23.41791045,
        "Column_2" : "metaplace",
        "NumberOfDirectedEdges" : 67,
        "SUID" : 347,
        "Column_3" : "no-ana",
        "Stress" : 33072,
        "SelfLoops" : 0,
        "IsSingleNode" : false,
        "PartnerOfMultiEdgedNodePairs" : 0,
        "selected" : false,
        "name" : "Heaven",
        "Degree" : 67,
        "TopologicalCoefficient" : 0.08966661,
        "BetweennessCentrality" : 0.07065536,
        "Radiality" : 0.83754513,
        "Eccentricity" : 3,
        "NumberOfUndirectedEdges" : 0,
        "ClosenessCentrality" : 0.55179283,
        "shared_name" : "Heaven",
        "AverageShortestPathLength" : 1.81227437,
        "ClusteringCoefficient" : 0.18634102
      },
      "position" : {
        "x" : -1627.5609130859375,
        "y" : 390.4447509280046
      },
      "selected" : false
    }, {
      "data" : {
        "id" : "299",
        "NeighborhoodConnectivity" : 40.08333333,
        "Column_2" : "metaplace",
        "NumberOfDirectedEdges" : 12,
        "SUID" : 299,
        "Column_3" : "no-ana",
        "Stress" : 976,
        "SelfLoops" : 0,
        "IsSingleNode" : false,
        "PartnerOfMultiEdgedNodePairs" : 0,
        "selected" : false,
        "name" : "Domdaniel_Cave",
        "Degree" : 12,
        "TopologicalCoefficient" : 0.19552846,
        "BetweennessCentrality" : 0.00211594,
        "Radiality" : 0.75451264,
        "Eccentricity" : 4,
        "NumberOfUndirectedEdges" : 0,
        "ClosenessCentrality" : 0.44894652,
        "shared_name" : "Domdaniel_Cave",
        "AverageShortestPathLength" : 2.22743682,
        "ClusteringCoefficient" : 0.59090909
      },
      "position" : {
        "x" : 2172.4390483106604,
        "y" : 495.20456932394643
      },
      "selected" : false
    }, {
      "data" : {
        "id" : "72",
        "NeighborhoodConnectivity" : 30.75,
        "Column_2" : "metaplace",
        "NumberOfDirectedEdges" : 4,
        "SUID" : 72,
        "Column_3" : "no-ana",
        "Stress" : 0,
        "SelfLoops" : 0,
        "IsSingleNode" : false,
        "PartnerOfMultiEdgedNodePairs" : 0,
        "selected" : false,
        "name" : "Purgatory",
        "Degree" : 4,
        "TopologicalCoefficient" : 0.34550562,
        "BetweennessCentrality" : 0.0,
        "Radiality" : 0.66209386,
        "Eccentricity" : 4,
        "NumberOfUndirectedEdges" : 0,
        "ClosenessCentrality" : 0.37181208,
        "shared_name" : "Purgatory",
        "AverageShortestPathLength" : 2.68953069,
        "ClusteringCoefficient" : 1.0
      },
      "position" : {
        "x" : -1627.5609516893396,
        "y" : 1718.8113670739253
      },
      "selected" : false
    }, {
      "data" : {
        "id" : "296",
        "NeighborhoodConnectivity" : 28.07407407,
        "Column_2" : "metaplace",
        "NumberOfDirectedEdges" : 27,
        "SUID" : 296,
        "Column_3" : "no-ana",
        "Stress" : 11614,
        "SelfLoops" : 0,
        "IsSingleNode" : false,
        "PartnerOfMultiEdgedNodePairs" : 0,
        "selected" : false,
        "name" : "Hell",
        "Degree" : 27,
        "TopologicalCoefficient" : 0.11274729,
        "BetweennessCentrality" : 0.03054131,
        "Radiality" : 0.79927798,
        "Eccentricity" : 3,
        "NumberOfUndirectedEdges" : 0,
        "ClosenessCentrality" : 0.4990991,
        "shared_name" : "Hell",
        "AverageShortestPathLength" : 2.00361011,
        "ClusteringCoefficient" : 0.27635328
      },
      "position" : {
        "x" : -22.801137112696992,
        "y" : 123.89552607448898
      },
      "selected" : false
    }, {
      "data" : {
        "id" : "237",
        "NeighborhoodConnectivity" : 41.83333333,
        "Column_2" : "metaplace",
        "NumberOfDirectedEdges" : 6,
        "SUID" : 237,
        "Column_3" : "no-ana",
        "Stress" : 0,
        "SelfLoops" : 0,
        "IsSingleNode" : false,
        "PartnerOfMultiEdgedNodePairs" : 0,
        "selected" : false,
        "name" : "the planet Venus",
        "Degree" : 6,
        "TopologicalCoefficient" : 0.2845805,
        "BetweennessCentrality" : 0.0,
        "Radiality" : 0.71046931,
        "Eccentricity" : 3,
        "NumberOfUndirectedEdges" : 0,
        "ClosenessCentrality" : 0.40855457,
        "shared_name" : "the planet Venus",
        "AverageShortestPathLength" : 2.44765343,
        "ClusteringCoefficient" : 1.0
      },
      "position" : {
        "x" : -1203.7618408203125,
        "y" : 790.5328061536949
      },
      "selected" : false
    }, {
      "data" : {
        "id" : "283",
        "NeighborhoodConnectivity" : 37.2,
        "Column_2" : "metaplace",
        "NumberOfDirectedEdges" : 15,
        "SUID" : 283,
        "Column_3" : "no-ana",
        "Stress" : 0,
        "SelfLoops" : 0,
        "IsSingleNode" : false,
        "PartnerOfMultiEdgedNodePairs" : 0,
        "selected" : false,
        "name" : "sepulchre of Elisha",
        "Degree" : 15,
        "TopologicalCoefficient" : 0.17799043,
        "BetweennessCentrality" : 0.0,
        "Radiality" : 0.76173285,
        "Eccentricity" : 3,
        "NumberOfUndirectedEdges" : 0,
        "ClosenessCentrality" : 0.45634267,
        "shared_name" : "sepulchre of Elisha",
        "AverageShortestPathLength" : 2.19133574,
        "ClusteringCoefficient" : 1.0
      },
      "position" : {
        "x" : 1572.4390483106604,
        "y" : 495.20456932394643
      },
      "selected" : false
    }, {
      "data" : {
        "id" : "190",
        "NeighborhoodConnectivity" : 23.5625,
        "Column_2" : "metaplace",
        "NumberOfDirectedEdges" : 48,
        "SUID" : 190,
        "Column_3" : "pastVisit",
        "Stress" : 19606,
        "SelfLoops" : 0,
        "IsSingleNode" : false,
        "PartnerOfMultiEdgedNodePairs" : 0,
        "selected" : false,
        "name" : "Paradise-Aloadin",
        "Degree" : 48,
        "TopologicalCoefficient" : 0.09089447,
        "BetweennessCentrality" : 0.04286332,
        "Radiality" : 0.82238267,
        "Eccentricity" : 3,
        "NumberOfUndirectedEdges" : 0,
        "ClosenessCentrality" : 0.52963671,
        "shared_name" : "Paradise-Aloadin",
        "AverageShortestPathLength" : 1.88808664,
        "ClusteringCoefficient" : 0.21719858
      },
      "position" : {
        "x" : -832.320782519261,
        "y" : 395.2045593261719
      },
      "selected" : false
    }, {
      "data" : {
        "id" : "73",
        "NeighborhoodConnectivity" : 30.75,
        "Column_2" : "metaplace",
        "NumberOfDirectedEdges" : 4,
        "SUID" : 73,
        "Column_3" : "no-ana",
        "Stress" : 0,
        "SelfLoops" : 0,
        "IsSingleNode" : false,
        "PartnerOfMultiEdgedNodePairs" : 0,
        "selected" : false,
        "name" : "Al-Araf",
        "Degree" : 4,
        "TopologicalCoefficient" : 0.34550562,
        "BetweennessCentrality" : 0.0,
        "Radiality" : 0.66209386,
        "Eccentricity" : 4,
        "NumberOfUndirectedEdges" : 0,
        "ClosenessCentrality" : 0.37181208,
        "shared_name" : "Al-Araf",
        "AverageShortestPathLength" : 2.68953069,
        "ClusteringCoefficient" : 1.0
      },
      "position" : {
        "x" : -1427.5609516893396,
        "y" : 1718.8113670739253
      },
      "selected" : false
    }, {
      "data" : {
        "id" : "152",
        "NeighborhoodConnectivity" : 27.88,
        "Column_2" : "metaplace",
        "NumberOfDirectedEdges" : 25,
        "SUID" : 152,
        "Column_3" : "no-ana",
        "Stress" : 0,
        "SelfLoops" : 0,
        "IsSingleNode" : false,
        "PartnerOfMultiEdgedNodePairs" : 0,
        "selected" : false,
        "name" : "Vampire",
        "Degree" : 25,
        "TopologicalCoefficient" : 0.32045977,
        "BetweennessCentrality" : 0.0,
        "Radiality" : 0.67364621,
        "Eccentricity" : 4,
        "NumberOfUndirectedEdges" : 0,
        "ClosenessCentrality" : 0.37997257,
        "shared_name" : "Vampire",
        "AverageShortestPathLength" : 2.63176895,
        "ClusteringCoefficient" : 1.0
      },
      "position" : {
        "x" : 1915.128662109375,
        "y" : 1237.9986207025845
      },
      "selected" : false
    }, {
      "data" : {
        "id" : "307",
        "NeighborhoodConnectivity" : 36.6,
        "Column_2" : "metaplace",
        "NumberOfDirectedEdges" : 20,
        "SUID" : 307,
        "Column_3" : "no-ana",
        "Stress" : 0,
        "SelfLoops" : 0,
        "IsSingleNode" : false,
        "PartnerOfMultiEdgedNodePairs" : 0,
        "selected" : false,
        "name" : "the subterranean palaces of Romance",
        "Degree" : 20,
        "TopologicalCoefficient" : 0.21034483,
        "BetweennessCentrality" : 0.0,
        "Radiality" : 0.7400722,
        "Eccentricity" : 3,
        "NumberOfUndirectedEdges" : 0,
        "ClosenessCentrality" : 0.43485086,
        "shared_name" : "the subterranean palaces of Romance",
        "AverageShortestPathLength" : 2.29963899,
        "ClusteringCoefficient" : 1.0
      },
      "position" : {
        "x" : 3191.478271484375,
        "y" : 733.1509582033952
      },
      "selected" : false
    }, {
      "data" : {
        "id" : "298",
        "NeighborhoodConnectivity" : 43.75,
        "Column_2" : "metaplace",
        "NumberOfDirectedEdges" : 4,
        "SUID" : 298,
        "Column_3" : "rel",
        "Stress" : 0,
        "SelfLoops" : 0,
        "IsSingleNode" : false,
        "PartnerOfMultiEdgedNodePairs" : 0,
        "selected" : false,
        "name" : "Under_Ocean",
        "Degree" : 4,
        "TopologicalCoefficient" : 0.42067308,
        "BetweennessCentrality" : 0.0,
        "Radiality" : 0.67292419,
        "Eccentricity" : 4,
        "NumberOfUndirectedEdges" : 0,
        "ClosenessCentrality" : 0.37945205,
        "shared_name" : "Under_Ocean",
        "AverageShortestPathLength" : 2.63537906,
        "ClusteringCoefficient" : 1.0
      },
      "position" : {
        "x" : 2596.045846060639,
        "y" : 995.2045693239464
      },
      "selected" : false
    }, {
      "data" : {
        "id" : "272",
        "NeighborhoodConnectivity" : 106.0,
        "Column_2" : "metaplace",
        "NumberOfDirectedEdges" : 1,
        "SUID" : 272,
        "Column_3" : "rel",
        "Stress" : 0,
        "SelfLoops" : 0,
        "IsSingleNode" : false,
        "PartnerOfMultiEdgedNodePairs" : 0,
        "selected" : false,
        "name" : "Caves in the uttermost West",
        "Degree" : 1,
        "TopologicalCoefficient" : 0.0,
        "BetweennessCentrality" : 0.0,
        "Radiality" : 0.67364621,
        "Eccentricity" : 4,
        "NumberOfUndirectedEdges" : 0,
        "ClosenessCentrality" : 0.37997257,
        "shared_name" : "Caves in the uttermost West",
        "AverageShortestPathLength" : 2.63176895,
        "ClusteringCoefficient" : 0.0
      },
      "position" : {
        "x" : 1358.3195373049577,
        "y" : 1561.665771484375
      },
      "selected" : false
    }, {
      "data" : {
        "id" : "90",
        "NeighborhoodConnectivity" : 55.33333333,
        "Column_2" : "metaplace",
        "NumberOfDirectedEdges" : 3,
        "SUID" : 90,
        "Column_3" : "no-ana",
        "Stress" : 0,
        "SelfLoops" : 0,
        "IsSingleNode" : false,
        "PartnerOfMultiEdgedNodePairs" : 0,
        "selected" : false,
        "name" : "7th_Heaven",
        "Degree" : 3,
        "TopologicalCoefficient" : 0.57044674,
        "BetweennessCentrality" : 0.0,
        "Radiality" : 0.66714801,
        "Eccentricity" : 4,
        "NumberOfUndirectedEdges" : 0,
        "ClosenessCentrality" : 0.37533875,
        "shared_name" : "7th_Heaven",
        "AverageShortestPathLength" : 2.66425993,
        "ClusteringCoefficient" : 1.0
      },
      "position" : {
        "x" : 3500.761602928877,
        "y" : 1323.6312558607262
      },
      "selected" : false
    }, {
      "data" : {
        "id" : "318",
        "NeighborhoodConnectivity" : 27.34920635,
        "Column_2" : "metaplace",
        "NumberOfDirectedEdges" : 63,
        "SUID" : 318,
        "Column_3" : "no-ana",
        "Stress" : 45288,
        "SelfLoops" : 0,
        "IsSingleNode" : false,
        "PartnerOfMultiEdgedNodePairs" : 0,
        "selected" : false,
        "name" : "Tombs",
        "Degree" : 63,
        "TopologicalCoefficient" : 0.10635538,
        "BetweennessCentrality" : 0.12079485,
        "Radiality" : 0.83176895,
        "Eccentricity" : 3,
        "NumberOfUndirectedEdges" : 0,
        "ClosenessCentrality" : 0.54313725,
        "shared_name" : "Tombs",
        "AverageShortestPathLength" : 1.84115523,
        "ClusteringCoefficient" : 0.26369688
      },
      "position" : {
        "x" : -1227.5609516893396,
        "y" : 395.20456932394643
      },
      "selected" : false
    }, {
      "data" : {
        "id" : "95",
        "NeighborhoodConnectivity" : 28.9,
        "Column_2" : "metaplace",
        "NumberOfDirectedEdges" : 10,
        "SUID" : 95,
        "Column_3" : "no-ana",
        "Stress" : 1186,
        "SelfLoops" : 0,
        "IsSingleNode" : false,
        "PartnerOfMultiEdgedNodePairs" : 0,
        "selected" : false,
        "name" : "Laila_zone",
        "Degree" : 10,
        "TopologicalCoefficient" : 0.20496454,
        "BetweennessCentrality" : 0.00237737,
        "Radiality" : 0.70830325,
        "Eccentricity" : 4,
        "NumberOfUndirectedEdges" : 0,
        "ClosenessCentrality" : 0.40675477,
        "shared_name" : "Laila_zone",
        "AverageShortestPathLength" : 2.45848375,
        "ClusteringCoefficient" : 0.53333333
      },
      "position" : {
        "x" : -851.3600463867188,
        "y" : 800.0525330075423
      },
      "selected" : false
    }, {
      "data" : {
        "id" : "232",
        "NeighborhoodConnectivity" : 36.42857143,
        "Column_2" : "metaplace",
        "NumberOfDirectedEdges" : 7,
        "SUID" : 232,
        "Column_3" : "no-ana",
        "Stress" : 0,
        "SelfLoops" : 0,
        "IsSingleNode" : false,
        "PartnerOfMultiEdgedNodePairs" : 0,
        "selected" : false,
        "name" : "a nation of one legged men",
        "Degree" : 7,
        "TopologicalCoefficient" : 0.28683915,
        "BetweennessCentrality" : 0.0,
        "Radiality" : 0.69241877,
        "Eccentricity" : 4,
        "NumberOfUndirectedEdges" : 0,
        "ClosenessCentrality" : 0.3940256,
        "shared_name" : "a nation of one legged men",
        "AverageShortestPathLength" : 2.53790614,
        "ClusteringCoefficient" : 1.0
      },
      "position" : {
        "x" : 315.2332946291765,
        "y" : 1233.2391357421875
      },
      "selected" : false
    }, {
      "data" : {
        "id" : "317",
        "NeighborhoodConnectivity" : 32.33333333,
        "Column_2" : "metaplace",
        "NumberOfDirectedEdges" : 6,
        "SUID" : 317,
        "Column_3" : "no-ana",
        "Stress" : 188,
        "SelfLoops" : 0,
        "IsSingleNode" : false,
        "PartnerOfMultiEdgedNodePairs" : 0,
        "selected" : false,
        "name" : "to_next_world",
        "Degree" : 6,
        "TopologicalCoefficient" : 0.22610723,
        "BetweennessCentrality" : 3.7874E-4,
        "Radiality" : 0.70685921,
        "Eccentricity" : 4,
        "NumberOfUndirectedEdges" : 0,
        "ClosenessCentrality" : 0.40556369,
        "shared_name" : "to_next_world",
        "AverageShortestPathLength" : 2.46570397,
        "ClusteringCoefficient" : 0.73333333
      },
      "position" : {
        "x" : -413.281512402614,
        "y" : 966.645751953125
      },
      "selected" : false
    }, {
      "data" : {
        "id" : "231",
        "NeighborhoodConnectivity" : 36.42857143,
        "Column_2" : "metaplace",
        "NumberOfDirectedEdges" : 7,
        "SUID" : 231,
        "Column_3" : "ana",
        "Stress" : 0,
        "SelfLoops" : 0,
        "IsSingleNode" : false,
        "PartnerOfMultiEdgedNodePairs" : 0,
        "selected" : false,
        "name" : "the viewless Element",
        "Degree" : 7,
        "TopologicalCoefficient" : 0.28683915,
        "BetweennessCentrality" : 0.0,
        "Radiality" : 0.69241877,
        "Eccentricity" : 4,
        "NumberOfUndirectedEdges" : 0,
        "ClosenessCentrality" : 0.3940256,
        "shared_name" : "the viewless Element",
        "AverageShortestPathLength" : 2.53790614,
        "ClusteringCoefficient" : 1.0
      },
      "position" : {
        "x" : -27.560951689339618,
        "y" : 1095.2045693239465
      },
      "selected" : false
    }, {
      "data" : {
        "id" : "316",
        "NeighborhoodConnectivity" : 27.64705882,
        "Column_2" : "metaplace",
        "NumberOfDirectedEdges" : 17,
        "SUID" : 316,
        "Column_3" : "no-ana",
        "Stress" : 7838,
        "SelfLoops" : 0,
        "IsSingleNode" : false,
        "PartnerOfMultiEdgedNodePairs" : 0,
        "selected" : false,
        "name" : "the_other_world",
        "Degree" : 17,
        "TopologicalCoefficient" : 0.13356067,
        "BetweennessCentrality" : 0.0304523,
        "Radiality" : 0.76173285,
        "Eccentricity" : 3,
        "NumberOfUndirectedEdges" : 0,
        "ClosenessCentrality" : 0.45634267,
        "shared_name" : "the_other_world",
        "AverageShortestPathLength" : 2.19133574,
        "ClusteringCoefficient" : 0.38970588
      },
      "position" : {
        "x" : 1772.4390483106604,
        "y" : 495.20456932394643
      },
      "selected" : false
    }, {
      "data" : {
        "id" : "108",
        "NeighborhoodConnectivity" : 42.0,
        "Column_2" : "metaplace",
        "NumberOfDirectedEdges" : 3,
        "SUID" : 108,
        "Column_3" : "no-ana",
        "Stress" : 0,
        "SelfLoops" : 0,
        "IsSingleNode" : false,
        "PartnerOfMultiEdgedNodePairs" : 0,
        "selected" : false,
        "name" : "Khawla_breath",
        "Degree" : 3,
        "TopologicalCoefficient" : 0.48275862,
        "BetweennessCentrality" : 0.0,
        "Radiality" : 0.65920578,
        "Eccentricity" : 4,
        "NumberOfUndirectedEdges" : 0,
        "ClosenessCentrality" : 0.36982644,
        "shared_name" : "Khawla_breath",
        "AverageShortestPathLength" : 2.70397112,
        "ClusteringCoefficient" : 1.0
      },
      "position" : {
        "x" : -1027.5609516893396,
        "y" : 1618.8113670739253
      },
      "selected" : false
    }, {
      "data" : {
        "id" : "331",
        "NeighborhoodConnectivity" : 36.25,
        "Column_2" : "metaplace",
        "NumberOfDirectedEdges" : 24,
        "SUID" : 331,
        "Column_3" : "hereNow",
        "Stress" : 618,
        "SelfLoops" : 0,
        "IsSingleNode" : false,
        "PartnerOfMultiEdgedNodePairs" : 0,
        "selected" : false,
        "name" : "Irem_removed",
        "Degree" : 24,
        "TopologicalCoefficient" : 0.19078947,
        "BetweennessCentrality" : 6.0046E-4,
        "Radiality" : 0.75451264,
        "Eccentricity" : 3,
        "NumberOfUndirectedEdges" : 0,
        "ClosenessCentrality" : 0.44894652,
        "shared_name" : "Irem_removed",
        "AverageShortestPathLength" : 2.22743682,
        "ClusteringCoefficient" : 0.7826087
      },
      "position" : {
        "x" : 2277.242919921875,
        "y" : 395.2486144533952
      },
      "selected" : false
    }, {
      "data" : {
        "id" : "80",
        "NeighborhoodConnectivity" : 39.75,
        "Column_2" : "metaplace",
        "NumberOfDirectedEdges" : 4,
        "SUID" : 80,
        "Column_3" : "no-ana",
        "Stress" : 0,
        "SelfLoops" : 0,
        "IsSingleNode" : false,
        "PartnerOfMultiEdgedNodePairs" : 0,
        "selected" : false,
        "name" : "The Grave of Francisco Jorge",
        "Degree" : 4,
        "TopologicalCoefficient" : 0.35176991,
        "BetweennessCentrality" : 0.0,
        "Radiality" : 0.67942238,
        "Eccentricity" : 4,
        "NumberOfUndirectedEdges" : 0,
        "ClosenessCentrality" : 0.38418863,
        "shared_name" : "The Grave of Francisco Jorge",
        "AverageShortestPathLength" : 2.60288809,
        "ClusteringCoefficient" : 1.0
      },
      "position" : {
        "x" : 1205.5654296875,
        "y" : 976.1653870114486
      },
      "selected" : false
    }, {
      "data" : {
        "id" : "312",
        "NeighborhoodConnectivity" : 32.23333333,
        "Column_2" : "metaplace",
        "NumberOfDirectedEdges" : 30,
        "SUID" : 312,
        "Column_3" : "no-ana",
        "Stress" : 6206,
        "SelfLoops" : 0,
        "IsSingleNode" : false,
        "PartnerOfMultiEdgedNodePairs" : 0,
        "selected" : false,
        "name" : "stars",
        "Degree" : 30,
        "TopologicalCoefficient" : 0.1513302,
        "BetweennessCentrality" : 0.01461648,
        "Radiality" : 0.77545126,
        "Eccentricity" : 3,
        "NumberOfUndirectedEdges" : 0,
        "ClosenessCentrality" : 0.47108844,
        "shared_name" : "stars",
        "AverageShortestPathLength" : 2.12274368,
        "ClusteringCoefficient" : 0.53563218
      },
      "position" : {
        "x" : 1162.9195556640625,
        "y" : 271.4495361813704
      },
      "selected" : false
    }, {
      "data" : {
        "id" : "330",
        "NeighborhoodConnectivity" : 34.625,
        "Column_2" : "metaplace",
        "NumberOfDirectedEdges" : 24,
        "SUID" : 330,
        "Column_3" : "no-ana",
        "Stress" : 3820,
        "SelfLoops" : 0,
        "IsSingleNode" : false,
        "PartnerOfMultiEdgedNodePairs" : 0,
        "selected" : false,
        "name" : "Universe",
        "Degree" : 24,
        "TopologicalCoefficient" : 0.1467161,
        "BetweennessCentrality" : 0.00666177,
        "Radiality" : 0.78772563,
        "Eccentricity" : 3,
        "NumberOfUndirectedEdges" : 0,
        "ClosenessCentrality" : 0.48511384,
        "shared_name" : "Universe",
        "AverageShortestPathLength" : 2.06137184,
        "ClusteringCoefficient" : 0.5
      },
      "position" : {
        "x" : 439.076416015625,
        "y" : 128.65531621066725
      },
      "selected" : false
    }, {
      "data" : {
        "id" : "202",
        "NeighborhoodConnectivity" : 27.71428571,
        "Column_2" : "metaplace",
        "NumberOfDirectedEdges" : 14,
        "SUID" : 202,
        "Column_3" : "no-ana",
        "Stress" : 3510,
        "SelfLoops" : 0,
        "IsSingleNode" : false,
        "PartnerOfMultiEdgedNodePairs" : 0,
        "selected" : false,
        "name" : "bitumen_pit",
        "Degree" : 14,
        "TopologicalCoefficient" : 0.1522763,
        "BetweennessCentrality" : 0.00723348,
        "Radiality" : 0.74151625,
        "Eccentricity" : 3,
        "NumberOfUndirectedEdges" : 0,
        "ClosenessCentrality" : 0.43622047,
        "shared_name" : "bitumen_pit",
        "AverageShortestPathLength" : 2.29241877,
        "ClusteringCoefficient" : 0.31868132
      },
      "position" : {
        "x" : 2682.002398633083,
        "y" : 190.53275761691725
      },
      "selected" : false
    }, {
      "data" : {
        "id" : "115",
        "NeighborhoodConnectivity" : 16.0,
        "Column_2" : "metaplace",
        "NumberOfDirectedEdges" : 6,
        "SUID" : 115,
        "Column_3" : "no-ana",
        "Stress" : 0,
        "SelfLoops" : 0,
        "IsSingleNode" : false,
        "PartnerOfMultiEdgedNodePairs" : 0,
        "selected" : false,
        "name" : "burning_grave",
        "Degree" : 6,
        "TopologicalCoefficient" : 0.28571429,
        "BetweennessCentrality" : 0.0,
        "Radiality" : 0.63826715,
        "Eccentricity" : 4,
        "NumberOfUndirectedEdges" : 0,
        "ClosenessCentrality" : 0.35604113,
        "shared_name" : "burning_grave",
        "AverageShortestPathLength" : 2.80866426,
        "ClusteringCoefficient" : 1.0
      },
      "position" : {
        "x" : -627.5609516893396,
        "y" : 1618.8113670739253
      },
      "selected" : false
    } ],
    "edges" : [ {
      "data" : {
        "id" : "1970",
        "source" : "300",
        "target" : "190",
        "selected" : false,
        "EdgeBetweenness" : 116.75767937,
        "Column_5" : "B7_lg411",
        "SUID" : 1970,
        "name" : "Paradise (main) Paradise-Aloadin",
        "Column_3" : "rel",
        "interaction" : "main",
        "shared_interaction" : "main",
        "shared_name" : "Paradise (main) Paradise-Aloadin"
      },
      "selected" : false
    }, {
      "data" : {
        "id" : "1969",
        "source" : "300",
        "target" : "318",
        "selected" : false,
        "EdgeBetweenness" : 276.51746499,
        "Column_5" : "B11_lg664",
        "SUID" : 1969,
        "name" : "Paradise (main) Tombs",
        "Column_3" : "no-ana",
        "interaction" : "main",
        "shared_interaction" : "main",
        "shared_name" : "Paradise (main) Tombs"
      },
      "selected" : false
    }, {
      "data" : {
        "id" : "1965",
        "source" : "300",
        "target" : "347",
        "selected" : false,
        "EdgeBetweenness" : 92.36875438,
        "Column_5" : "B12_lg732",
        "SUID" : 1965,
        "name" : "Paradise (note) Heaven",
        "Column_3" : "no-ana",
        "interaction" : "note",
        "shared_interaction" : "note",
        "shared_name" : "Paradise (note) Heaven"
      },
      "selected" : false
    }, {
      "data" : {
        "id" : "1730",
        "source" : "265",
        "target" : "351",
        "selected" : false,
        "EdgeBetweenness" : 165.50959041,
        "Column_5" : "B3_lg174",
        "SUID" : 1730,
        "name" : "9th_Firmament (note) sky",
        "Column_3" : "no-ana",
        "interaction" : "note",
        "shared_interaction" : "note",
        "shared_name" : "9th_Firmament (note) sky"
      },
      "selected" : false
    }, {
      "data" : {
        "id" : "1737",
        "source" : "265",
        "target" : "270",
        "selected" : false,
        "EdgeBetweenness" : 2.0,
        "Column_5" : "B3_lg174",
        "SUID" : 1737,
        "name" : "9th_Firmament (note) Stars of Heaven",
        "Column_3" : "no-ana",
        "interaction" : "note",
        "shared_interaction" : "note",
        "shared_name" : "9th_Firmament (note) Stars of Heaven"
      },
      "selected" : false
    }, {
      "data" : {
        "id" : "1735",
        "source" : "265",
        "target" : "267",
        "selected" : false,
        "EdgeBetweenness" : 2.0,
        "Column_5" : "B3_lg174",
        "SUID" : 1735,
        "name" : "9th_Firmament (note) 8th_Firmament",
        "Column_3" : "no-ana",
        "interaction" : "note",
        "shared_interaction" : "note",
        "shared_name" : "9th_Firmament (note) 8th_Firmament"
      },
      "selected" : false
    }, {
      "data" : {
        "id" : "1736",
        "source" : "265",
        "target" : "268",
        "selected" : false,
        "EdgeBetweenness" : 2.0,
        "Column_5" : "B3_lg174",
        "SUID" : 1736,
        "name" : "9th_Firmament (note) the_Kursy",
        "Column_3" : "no-ana",
        "interaction" : "note",
        "shared_interaction" : "note",
        "shared_name" : "9th_Firmament (note) the_Kursy"
      },
      "selected" : false
    }, {
      "data" : {
        "id" : "1734",
        "source" : "265",
        "target" : "266",
        "selected" : false,
        "EdgeBetweenness" : 2.0,
        "Column_5" : "B3_lg174",
        "SUID" : 1734,
        "name" : "9th_Firmament (note) the_Arsch",
        "Column_3" : "no-ana",
        "interaction" : "note",
        "shared_interaction" : "note",
        "shared_name" : "9th_Firmament (note) the_Arsch"
      },
      "selected" : false
    }, {
      "data" : {
        "id" : "1733",
        "source" : "265",
        "target" : "297",
        "selected" : false,
        "EdgeBetweenness" : 21.25850816,
        "Column_5" : "B3_lg174",
        "SUID" : 1733,
        "name" : "9th_Firmament (note) throne_of_God",
        "Column_3" : "no-ana",
        "interaction" : "note",
        "shared_interaction" : "note",
        "shared_name" : "9th_Firmament (note) throne_of_God"
      },
      "selected" : false
    }, {
      "data" : {
        "id" : "1745",
        "source" : "266",
        "target" : "270",
        "selected" : false,
        "EdgeBetweenness" : 2.0,
        "Column_5" : "B3_lg174",
        "SUID" : 1745,
        "name" : "the_Arsch (note) Stars of Heaven",
        "Column_3" : "no-ana",
        "interaction" : "note",
        "shared_interaction" : "note",
        "shared_name" : "the_Arsch (note) Stars of Heaven"
      },
      "selected" : false
    }, {
      "data" : {
        "id" : "1743",
        "source" : "266",
        "target" : "267",
        "selected" : false,
        "EdgeBetweenness" : 2.0,
        "Column_5" : "B3_lg174",
        "SUID" : 1743,
        "name" : "the_Arsch (note) 8th_Firmament",
        "Column_3" : "no-ana",
        "interaction" : "note",
        "shared_interaction" : "note",
        "shared_name" : "the_Arsch (note) 8th_Firmament"
      },
      "selected" : false
    }, {
      "data" : {
        "id" : "1744",
        "source" : "266",
        "target" : "268",
        "selected" : false,
        "EdgeBetweenness" : 2.0,
        "Column_5" : "B3_lg174",
        "SUID" : 1744,
        "name" : "the_Arsch (note) the_Kursy",
        "Column_3" : "no-ana",
        "interaction" : "note",
        "shared_interaction" : "note",
        "shared_name" : "the_Arsch (note) the_Kursy"
      },
      "selected" : false
    }, {
      "data" : {
        "id" : "1742",
        "source" : "266",
        "target" : "297",
        "selected" : false,
        "EdgeBetweenness" : 21.25850816,
        "Column_5" : "B3_lg174",
        "SUID" : 1742,
        "name" : "the_Arsch (note) throne_of_God",
        "Column_3" : "no-ana",
        "interaction" : "note",
        "shared_interaction" : "note",
        "shared_name" : "the_Arsch (note) throne_of_God"
      },
      "selected" : false
    }, {
      "data" : {
        "id" : "1739",
        "source" : "266",
        "target" : "351",
        "selected" : false,
        "EdgeBetweenness" : 165.50959041,
        "Column_5" : "B3_lg174",
        "SUID" : 1739,
        "name" : "the_Arsch (note) sky",
        "Column_3" : "no-ana",
        "interaction" : "note",
        "shared_interaction" : "note",
        "shared_name" : "the_Arsch (note) sky"
      },
      "selected" : false
    }, {
      "data" : {
        "id" : "467",
        "source" : "98",
        "target" : "351",
        "selected" : false,
        "EdgeBetweenness" : 215.5032634,
        "Column_5" : "B9_lg559",
        "SUID" : 467,
        "name" : "The Upas Tree of Death (main) sky",
        "Column_3" : "no-ana",
        "interaction" : "main",
        "shared_interaction" : "main",
        "shared_name" : "The Upas Tree of Death (main) sky"
      },
      "selected" : false
    }, {
      "data" : {
        "id" : "468",
        "source" : "98",
        "target" : "347",
        "selected" : false,
        "EdgeBetweenness" : 321.26196026,
        "Column_5" : "B9_lg559",
        "SUID" : 468,
        "name" : "The Upas Tree of Death (main) Heaven",
        "Column_3" : "no-ana",
        "interaction" : "main",
        "shared_interaction" : "main",
        "shared_name" : "The Upas Tree of Death (main) Heaven"
      },
      "selected" : false
    }, {
      "data" : {
        "id" : "1945",
        "source" : "297",
        "target" : "351",
        "selected" : false,
        "EdgeBetweenness" : 55.47531873,
        "Column_5" : "B3_lg174",
        "SUID" : 1945,
        "name" : "throne_of_God (note) sky",
        "Column_3" : "no-ana",
        "interaction" : "note",
        "shared_interaction" : "note",
        "shared_name" : "throne_of_God (note) sky"
      },
      "selected" : false
    }, {
      "data" : {
        "id" : "1952",
        "source" : "297",
        "target" : "347",
        "selected" : false,
        "EdgeBetweenness" : 161.22390863,
        "Column_5" : "B2_lg72",
        "SUID" : 1952,
        "name" : "throne_of_God (main) Heaven",
        "Column_3" : "no-ana",
        "interaction" : "main",
        "shared_interaction" : "main",
        "shared_name" : "throne_of_God (main) Heaven"
      },
      "selected" : false
    }, {
      "data" : {
        "id" : "1949",
        "source" : "297",
        "target" : "331",
        "selected" : false,
        "EdgeBetweenness" : 17.02878959,
        "Column_5" : "B2_lg72",
        "SUID" : 1949,
        "name" : "throne_of_God (main) Irem_removed",
        "Column_3" : "no-ana",
        "interaction" : "main",
        "shared_interaction" : "main",
        "shared_name" : "throne_of_God (main) Irem_removed"
      },
      "selected" : false
    }, {
      "data" : {
        "id" : "1763",
        "source" : "270",
        "target" : "351",
        "selected" : false,
        "EdgeBetweenness" : 165.50959041,
        "Column_5" : "B3_lg174",
        "SUID" : 1763,
        "name" : "Stars of Heaven (main) sky",
        "Column_3" : "rel",
        "interaction" : "main",
        "shared_interaction" : "main",
        "shared_name" : "Stars of Heaven (main) sky"
      },
      "selected" : false
    }, {
      "data" : {
        "id" : "1766",
        "source" : "270",
        "target" : "297",
        "selected" : false,
        "EdgeBetweenness" : 21.25850816,
        "Column_5" : "B3_lg174",
        "SUID" : 1766,
        "name" : "Stars of Heaven (main) throne_of_God",
        "Column_3" : "rel",
        "interaction" : "main",
        "shared_interaction" : "main",
        "shared_name" : "Stars of Heaven (main) throne_of_God"
      },
      "selected" : false
    }, {
      "data" : {
        "id" : "1767",
        "source" : "270",
        "target" : "268",
        "selected" : false,
        "EdgeBetweenness" : 2.0,
        "Column_5" : "B3_lg174",
        "SUID" : 1767,
        "name" : "Stars of Heaven (main) the_Kursy",
        "Column_3" : "rel",
        "interaction" : "main",
        "shared_interaction" : "main",
        "shared_name" : "Stars of Heaven (main) the_Kursy"
      },
      "selected" : false
    }, {
      "data" : {
        "id" : "946",
        "source" : "154",
        "target" : "318",
        "selected" : false,
        "EdgeBetweenness" : 552.0,
        "Column_5" : "B8_lg472",
        "SUID" : 946,
        "name" : "Greek_Tombs (note) Tombs",
        "Column_3" : "no-ana",
        "interaction" : "note",
        "shared_interaction" : "note",
        "shared_name" : "Greek_Tombs (note) Tombs"
      },
      "selected" : false
    }, {
      "data" : {
        "id" : "1752",
        "source" : "267",
        "target" : "270",
        "selected" : false,
        "EdgeBetweenness" : 2.0,
        "Column_5" : "B3_lg174",
        "SUID" : 1752,
        "name" : "8th_Firmament (note) Stars of Heaven",
        "Column_3" : "no-ana",
        "interaction" : "note",
        "shared_interaction" : "note",
        "shared_name" : "8th_Firmament (note) Stars of Heaven"
      },
      "selected" : false
    }, {
      "data" : {
        "id" : "1751",
        "source" : "267",
        "target" : "268",
        "selected" : false,
        "EdgeBetweenness" : 2.0,
        "Column_5" : "B3_lg174",
        "SUID" : 1751,
        "name" : "8th_Firmament (note) the_Kursy",
        "Column_3" : "no-ana",
        "interaction" : "note",
        "shared_interaction" : "note",
        "shared_name" : "8th_Firmament (note) the_Kursy"
      },
      "selected" : false
    }, {
      "data" : {
        "id" : "1750",
        "source" : "267",
        "target" : "297",
        "selected" : false,
        "EdgeBetweenness" : 21.25850816,
        "Column_5" : "B3_lg174",
        "SUID" : 1750,
        "name" : "8th_Firmament (note) throne_of_God",
        "Column_3" : "no-ana",
        "interaction" : "note",
        "shared_interaction" : "note",
        "shared_name" : "8th_Firmament (note) throne_of_God"
      },
      "selected" : false
    }, {
      "data" : {
        "id" : "1747",
        "source" : "267",
        "target" : "351",
        "selected" : false,
        "EdgeBetweenness" : 165.50959041,
        "Column_5" : "B3_lg174",
        "SUID" : 1747,
        "name" : "8th_Firmament (note) sky",
        "Column_3" : "no-ana",
        "interaction" : "note",
        "shared_interaction" : "note",
        "shared_name" : "8th_Firmament (note) sky"
      },
      "selected" : false
    }, {
      "data" : {
        "id" : "989",
        "source" : "163",
        "target" : "165",
        "selected" : false,
        "EdgeBetweenness" : 2.0,
        "Column_5" : "B7_lg413",
        "SUID" : 989,
        "name" : "Paradise-Senex (note) Mahumetical Paradise",
        "Column_3" : "no-ana",
        "interaction" : "note",
        "shared_interaction" : "note",
        "shared_name" : "Paradise-Senex (note) Mahumetical Paradise"
      },
      "selected" : false
    }, {
      "data" : {
        "id" : "990",
        "source" : "163",
        "target" : "190",
        "selected" : false,
        "EdgeBetweenness" : 63.96074289,
        "Column_5" : "B7_lg413",
        "SUID" : 990,
        "name" : "Paradise-Senex (note) Paradise-Aloadin",
        "Column_3" : "no-ana",
        "interaction" : "note",
        "shared_interaction" : "note",
        "shared_name" : "Paradise-Senex (note) Paradise-Aloadin"
      },
      "selected" : false
    }, {
      "data" : {
        "id" : "992",
        "source" : "163",
        "target" : "347",
        "selected" : false,
        "EdgeBetweenness" : 95.59110601,
        "Column_5" : "B7_lg413",
        "SUID" : 992,
        "name" : "Paradise-Senex (note) Heaven",
        "Column_3" : "no-ana",
        "interaction" : "note",
        "shared_interaction" : "note",
        "shared_name" : "Paradise-Senex (note) Heaven"
      },
      "selected" : false
    }, {
      "data" : {
        "id" : "1757",
        "source" : "268",
        "target" : "297",
        "selected" : false,
        "EdgeBetweenness" : 21.25850816,
        "Column_5" : "B3_lg174",
        "SUID" : 1757,
        "name" : "the_Kursy (note) throne_of_God",
        "Column_3" : "no-ana",
        "interaction" : "note",
        "shared_interaction" : "note",
        "shared_name" : "the_Kursy (note) throne_of_God"
      },
      "selected" : false
    }, {
      "data" : {
        "id" : "1754",
        "source" : "268",
        "target" : "351",
        "selected" : false,
        "EdgeBetweenness" : 165.50959041,
        "Column_5" : "B3_lg174",
        "SUID" : 1754,
        "name" : "the_Kursy (note) sky",
        "Column_3" : "no-ana",
        "interaction" : "note",
        "shared_interaction" : "note",
        "shared_name" : "the_Kursy (note) sky"
      },
      "selected" : false
    }, {
      "data" : {
        "id" : "997",
        "source" : "164",
        "target" : "190",
        "selected" : false,
        "EdgeBetweenness" : 63.96074289,
        "Column_5" : "B7_lg413",
        "SUID" : 997,
        "name" : "Paradise-Aladeules (note) Paradise-Aloadin",
        "Column_3" : "no-ana",
        "interaction" : "note",
        "shared_interaction" : "note",
        "shared_name" : "Paradise-Aladeules (note) Paradise-Aloadin"
      },
      "selected" : false
    }, {
      "data" : {
        "id" : "996",
        "source" : "164",
        "target" : "165",
        "selected" : false,
        "EdgeBetweenness" : 2.0,
        "Column_5" : "B7_lg413",
        "SUID" : 996,
        "name" : "Paradise-Aladeules (note) Mahumetical Paradise",
        "Column_3" : "no-ana",
        "interaction" : "note",
        "shared_interaction" : "note",
        "shared_name" : "Paradise-Aladeules (note) Mahumetical Paradise"
      },
      "selected" : false
    }, {
      "data" : {
        "id" : "999",
        "source" : "164",
        "target" : "347",
        "selected" : false,
        "EdgeBetweenness" : 95.59110601,
        "Column_5" : "B7_lg413",
        "SUID" : 999,
        "name" : "Paradise-Aladeules (note) Heaven",
        "Column_3" : "no-ana",
        "interaction" : "note",
        "shared_interaction" : "note",
        "shared_name" : "Paradise-Aladeules (note) Heaven"
      },
      "selected" : false
    }, {
      "data" : {
        "id" : "995",
        "source" : "164",
        "target" : "163",
        "selected" : false,
        "EdgeBetweenness" : 2.0,
        "Column_5" : "B7_lg413",
        "SUID" : 995,
        "name" : "Paradise-Aladeules (note) Paradise-Senex",
        "Column_3" : "no-ana",
        "interaction" : "note",
        "shared_interaction" : "note",
        "shared_name" : "Paradise-Aladeules (note) Paradise-Senex"
      },
      "selected" : false
    }, {
      "data" : {
        "id" : "2434",
        "source" : "351",
        "target" : "347",
        "selected" : false,
        "EdgeBetweenness" : 244.34091429,
        "Column_5" : "B11_lg660",
        "SUID" : 2434,
        "name" : "sky (main) Heaven",
        "Column_3" : "no-ana",
        "interaction" : "main",
        "shared_interaction" : "main",
        "shared_name" : "sky (main) Heaven"
      },
      "selected" : false
    }, {
      "data" : {
        "id" : "1004",
        "source" : "165",
        "target" : "347",
        "selected" : false,
        "EdgeBetweenness" : 95.59110601,
        "Column_5" : "B7_lg413",
        "SUID" : 1004,
        "name" : "Mahumetical Paradise (note) Heaven",
        "Column_3" : "no-ana",
        "interaction" : "note",
        "shared_interaction" : "note",
        "shared_name" : "Mahumetical Paradise (note) Heaven"
      },
      "selected" : false
    }, {
      "data" : {
        "id" : "1002",
        "source" : "165",
        "target" : "190",
        "selected" : false,
        "EdgeBetweenness" : 63.96074289,
        "Column_5" : "B7_lg413",
        "SUID" : 1002,
        "name" : "Mahumetical Paradise (note) Paradise-Aloadin",
        "Column_3" : "no-ana",
        "interaction" : "note",
        "shared_interaction" : "note",
        "shared_name" : "Mahumetical Paradise (note) Paradise-Aloadin"
      },
      "selected" : false
    }, {
      "data" : {
        "id" : "1012",
        "source" : "167",
        "target" : "190",
        "selected" : false,
        "EdgeBetweenness" : 166.38673818,
        "Column_5" : "B7_lg411",
        "SUID" : 1012,
        "name" : "the gate of Death (main) Paradise-Aloadin",
        "Column_3" : "ana",
        "interaction" : "main",
        "shared_interaction" : "main",
        "shared_name" : "the gate of Death (main) Paradise-Aloadin"
      },
      "selected" : false
    }, {
      "data" : {
        "id" : "1011",
        "source" : "167",
        "target" : "300",
        "selected" : false,
        "EdgeBetweenness" : 78.75176237,
        "Column_5" : "B7_lg411",
        "SUID" : 1011,
        "name" : "the gate of Death (main) Paradise",
        "Column_3" : "ana",
        "interaction" : "main",
        "shared_interaction" : "main",
        "shared_name" : "the gate of Death (main) Paradise"
      },
      "selected" : false
    }, {
      "data" : {
        "id" : "1960",
        "source" : "299",
        "target" : "347",
        "selected" : false,
        "EdgeBetweenness" : 99.50591952,
        "Column_5" : "B12_lg726",
        "SUID" : 1960,
        "name" : "Domdaniel_Cave (main) Heaven",
        "Column_3" : "no-ana",
        "interaction" : "main",
        "shared_interaction" : "main",
        "shared_name" : "Domdaniel_Cave (main) Heaven"
      },
      "selected" : false
    }, {
      "data" : {
        "id" : "1957",
        "source" : "299",
        "target" : "300",
        "selected" : false,
        "EdgeBetweenness" : 23.63578128,
        "Column_5" : "B12_lg738",
        "SUID" : 1957,
        "name" : "Domdaniel_Cave (main) Paradise",
        "Column_3" : "no-ana",
        "interaction" : "main",
        "shared_interaction" : "main",
        "shared_name" : "Domdaniel_Cave (main) Paradise"
      },
      "selected" : false
    }, {
      "data" : {
        "id" : "1963",
        "source" : "299",
        "target" : "351",
        "selected" : false,
        "EdgeBetweenness" : 69.83534566,
        "Column_5" : "B2_lg70",
        "SUID" : 1963,
        "name" : "Domdaniel_Cave (main) sky",
        "Column_3" : "rel",
        "interaction" : "main",
        "shared_interaction" : "main",
        "shared_name" : "Domdaniel_Cave (main) sky"
      },
      "selected" : false
    }, {
      "data" : {
        "id" : "1962",
        "source" : "299",
        "target" : "318",
        "selected" : false,
        "EdgeBetweenness" : 143.35087516,
        "Column_5" : "B2_lg70",
        "SUID" : 1962,
        "name" : "Domdaniel_Cave (main) Tombs",
        "Column_3" : "rel",
        "interaction" : "main",
        "shared_interaction" : "main",
        "shared_name" : "Domdaniel_Cave (main) Tombs"
      },
      "selected" : false
    }, {
      "data" : {
        "id" : "352",
        "source" : "72",
        "target" : "347",
        "selected" : false,
        "EdgeBetweenness" : 301.07032286,
        "Column_5" : "B12_lg732",
        "SUID" : 352,
        "name" : "Purgatory (note) Heaven",
        "Column_3" : "no-ana",
        "interaction" : "note",
        "shared_interaction" : "note",
        "shared_name" : "Purgatory (note) Heaven"
      },
      "selected" : false
    }, {
      "data" : {
        "id" : "354",
        "source" : "72",
        "target" : "296",
        "selected" : false,
        "EdgeBetweenness" : 145.3786354,
        "Column_5" : "B12_lg732",
        "SUID" : 354,
        "name" : "Purgatory (note) Hell",
        "Column_3" : "no-ana",
        "interaction" : "note",
        "shared_interaction" : "note",
        "shared_name" : "Purgatory (note) Hell"
      },
      "selected" : false
    }, {
      "data" : {
        "id" : "353",
        "source" : "72",
        "target" : "300",
        "selected" : false,
        "EdgeBetweenness" : 105.55104173,
        "Column_5" : "B12_lg732",
        "SUID" : 353,
        "name" : "Purgatory (note) Paradise",
        "Column_3" : "no-ana",
        "interaction" : "note",
        "shared_interaction" : "note",
        "shared_name" : "Purgatory (note) Paradise"
      },
      "selected" : false
    }, {
      "data" : {
        "id" : "355",
        "source" : "72",
        "target" : "73",
        "selected" : false,
        "EdgeBetweenness" : 2.0,
        "Column_5" : "B12_lg732",
        "SUID" : 355,
        "name" : "Purgatory (note) Al-Araf",
        "Column_3" : "no-ana",
        "interaction" : "note",
        "shared_interaction" : "note",
        "shared_name" : "Purgatory (note) Al-Araf"
      },
      "selected" : false
    }, {
      "data" : {
        "id" : "1936",
        "source" : "296",
        "target" : "299",
        "selected" : false,
        "EdgeBetweenness" : 55.32137568,
        "Column_5" : "B12_lg727",
        "SUID" : 1936,
        "name" : "Hell (main) Domdaniel_Cave",
        "Column_3" : "no-ana",
        "interaction" : "main",
        "shared_interaction" : "main",
        "shared_name" : "Hell (main) Domdaniel_Cave"
      },
      "selected" : false
    }, {
      "data" : {
        "id" : "1935",
        "source" : "296",
        "target" : "300",
        "selected" : false,
        "EdgeBetweenness" : 101.32767862,
        "Column_5" : "B12_lg732",
        "SUID" : 1935,
        "name" : "Hell (note) Paradise",
        "Column_3" : "no-ana",
        "interaction" : "note",
        "shared_interaction" : "note",
        "shared_name" : "Hell (note) Paradise"
      },
      "selected" : false
    }, {
      "data" : {
        "id" : "1934",
        "source" : "296",
        "target" : "347",
        "selected" : false,
        "EdgeBetweenness" : 157.95989405,
        "Column_5" : "B12_lg732",
        "SUID" : 1934,
        "name" : "Hell (note) Heaven",
        "Column_3" : "no-ana",
        "interaction" : "note",
        "shared_interaction" : "note",
        "shared_name" : "Hell (note) Heaven"
      },
      "selected" : false
    }, {
      "data" : {
        "id" : "1943",
        "source" : "296",
        "target" : "316",
        "selected" : false,
        "EdgeBetweenness" : 285.60947333,
        "Column_5" : "B9_lg517",
        "SUID" : 1943,
        "name" : "Hell (main) the_other_world",
        "Column_3" : "no-ana",
        "interaction" : "main",
        "shared_interaction" : "main",
        "shared_name" : "Hell (main) the_other_world"
      },
      "selected" : false
    }, {
      "data" : {
        "id" : "1942",
        "source" : "296",
        "target" : "318",
        "selected" : false,
        "EdgeBetweenness" : 370.08365298,
        "Column_5" : "B9_lg517",
        "SUID" : 1942,
        "name" : "Hell (main) Tombs",
        "Column_3" : "no-ana",
        "interaction" : "main",
        "shared_interaction" : "main",
        "shared_name" : "Hell (main) Tombs"
      },
      "selected" : false
    }, {
      "data" : {
        "id" : "1938",
        "source" : "296",
        "target" : "351",
        "selected" : false,
        "EdgeBetweenness" : 314.57342759,
        "Column_5" : "B11_lg660",
        "SUID" : 1938,
        "name" : "Hell (main) sky",
        "Column_3" : "no-ana",
        "interaction" : "main",
        "shared_interaction" : "main",
        "shared_name" : "Hell (main) sky"
      },
      "selected" : false
    }, {
      "data" : {
        "id" : "1432",
        "source" : "237",
        "target" : "347",
        "selected" : false,
        "EdgeBetweenness" : 144.14447403,
        "Column_5" : "B4_lg218",
        "SUID" : 1432,
        "name" : "the planet Venus (note) Heaven",
        "Column_3" : "no-ana",
        "interaction" : "note",
        "shared_interaction" : "note",
        "shared_name" : "the planet Venus (note) Heaven"
      },
      "selected" : false
    }, {
      "data" : {
        "id" : "1886",
        "source" : "283",
        "target" : "318",
        "selected" : false,
        "EdgeBetweenness" : 88.82746564,
        "Column_5" : "B3_lg141",
        "SUID" : 1886,
        "name" : "sepulchre of Elisha (note) Tombs",
        "Column_3" : "no-ana",
        "interaction" : "note",
        "shared_interaction" : "note",
        "shared_name" : "sepulchre of Elisha (note) Tombs"
      },
      "selected" : false
    }, {
      "data" : {
        "id" : "1883",
        "source" : "283",
        "target" : "347",
        "selected" : false,
        "EdgeBetweenness" : 75.63114243,
        "Column_5" : "B3_lg141",
        "SUID" : 1883,
        "name" : "sepulchre of Elisha (note) Heaven",
        "Column_3" : "no-ana",
        "interaction" : "note",
        "shared_interaction" : "note",
        "shared_name" : "sepulchre of Elisha (note) Heaven"
      },
      "selected" : false
    }, {
      "data" : {
        "id" : "1160",
        "source" : "190",
        "target" : "318",
        "selected" : false,
        "EdgeBetweenness" : 499.7492148,
        "Column_5" : "B6_lg375",
        "SUID" : 1160,
        "name" : "Paradise-Aloadin (main) Tombs",
        "Column_3" : "hereNow",
        "interaction" : "main",
        "shared_interaction" : "main",
        "shared_name" : "Paradise-Aloadin (main) Tombs"
      },
      "selected" : false
    }, {
      "data" : {
        "id" : "1152",
        "source" : "190",
        "target" : "296",
        "selected" : false,
        "EdgeBetweenness" : 148.45826888,
        "Column_5" : "B7_lg408",
        "SUID" : 1152,
        "name" : "Paradise-Aloadin (main) Hell",
        "Column_3" : "hereNow",
        "interaction" : "main",
        "shared_interaction" : "main",
        "shared_name" : "Paradise-Aloadin (main) Hell"
      },
      "selected" : false
    }, {
      "data" : {
        "id" : "1148",
        "source" : "190",
        "target" : "347",
        "selected" : false,
        "EdgeBetweenness" : 181.58930813,
        "Column_5" : "B7_lg416",
        "SUID" : 1148,
        "name" : "Paradise-Aloadin (main) Heaven",
        "Column_3" : "pastVisit",
        "interaction" : "main",
        "shared_interaction" : "main",
        "shared_name" : "Paradise-Aloadin (main) Heaven"
      },
      "selected" : false
    }, {
      "data" : {
        "id" : "356",
        "source" : "73",
        "target" : "347",
        "selected" : false,
        "EdgeBetweenness" : 301.07032286,
        "Column_5" : "B12_lg732",
        "SUID" : 356,
        "name" : "Al-Araf (note) Heaven",
        "Column_3" : "no-ana",
        "interaction" : "note",
        "shared_interaction" : "note",
        "shared_name" : "Al-Araf (note) Heaven"
      },
      "selected" : false
    }, {
      "data" : {
        "id" : "358",
        "source" : "73",
        "target" : "296",
        "selected" : false,
        "EdgeBetweenness" : 145.3786354,
        "Column_5" : "B12_lg732",
        "SUID" : 358,
        "name" : "Al-Araf (note) Hell",
        "Column_3" : "no-ana",
        "interaction" : "note",
        "shared_interaction" : "note",
        "shared_name" : "Al-Araf (note) Hell"
      },
      "selected" : false
    }, {
      "data" : {
        "id" : "357",
        "source" : "73",
        "target" : "300",
        "selected" : false,
        "EdgeBetweenness" : 105.55104173,
        "Column_5" : "B12_lg732",
        "SUID" : 357,
        "name" : "Al-Araf (note) Paradise",
        "Column_3" : "no-ana",
        "interaction" : "note",
        "shared_interaction" : "note",
        "shared_name" : "Al-Araf (note) Paradise"
      },
      "selected" : false
    }, {
      "data" : {
        "id" : "943",
        "source" : "152",
        "target" : "318",
        "selected" : false,
        "EdgeBetweenness" : 272.22686666,
        "Column_5" : "B8_lg475",
        "SUID" : 943,
        "name" : "Vampire (note) Tombs",
        "Column_3" : "no-ana",
        "interaction" : "note",
        "shared_interaction" : "note",
        "shared_name" : "Vampire (note) Tombs"
      },
      "selected" : false
    }, {
      "data" : {
        "id" : "2100",
        "source" : "307",
        "target" : "312",
        "selected" : false,
        "EdgeBetweenness" : 21.71695468,
        "Column_5" : "B1_lg35",
        "SUID" : 2100,
        "name" : "the subterranean palaces of Romance (note) stars",
        "Column_3" : "no-ana",
        "interaction" : "note",
        "shared_interaction" : "note",
        "shared_name" : "the subterranean palaces of Romance (note) stars"
      },
      "selected" : false
    }, {
      "data" : {
        "id" : "2093",
        "source" : "307",
        "target" : "351",
        "selected" : false,
        "EdgeBetweenness" : 48.59613047,
        "Column_5" : "B1_lg35",
        "SUID" : 2093,
        "name" : "the subterranean palaces of Romance (note) sky",
        "Column_3" : "no-ana",
        "interaction" : "note",
        "shared_interaction" : "note",
        "shared_name" : "the subterranean palaces of Romance (note) sky"
      },
      "selected" : false
    }, {
      "data" : {
        "id" : "2089",
        "source" : "307",
        "target" : "331",
        "selected" : false,
        "EdgeBetweenness" : 5.19961646,
        "Column_5" : "B1_lg35",
        "SUID" : 2089,
        "name" : "the subterranean palaces of Romance (note) Irem_removed",
        "Column_3" : "no-ana",
        "interaction" : "note",
        "shared_interaction" : "note",
        "shared_name" : "the subterranean palaces of Romance (note) Irem_removed"
      },
      "selected" : false
    }, {
      "data" : {
        "id" : "1953",
        "source" : "298",
        "target" : "299",
        "selected" : false,
        "EdgeBetweenness" : 42.6238134,
        "Column_5" : "B3_lg153",
        "SUID" : 1953,
        "name" : "Under_Ocean (main) Domdaniel_Cave",
        "Column_3" : "rel",
        "interaction" : "main",
        "shared_interaction" : "main",
        "shared_name" : "Under_Ocean (main) Domdaniel_Cave"
      },
      "selected" : false
    }, {
      "data" : {
        "id" : "1955",
        "source" : "298",
        "target" : "296",
        "selected" : false,
        "EdgeBetweenness" : 96.43953849,
        "Column_5" : "B3_lg124",
        "SUID" : 1955,
        "name" : "Under_Ocean (main) Hell",
        "Column_3" : "rel",
        "interaction" : "main",
        "shared_interaction" : "main",
        "shared_name" : "Under_Ocean (main) Hell"
      },
      "selected" : false
    }, {
      "data" : {
        "id" : "1954",
        "source" : "298",
        "target" : "347",
        "selected" : false,
        "EdgeBetweenness" : 197.84748132,
        "Column_5" : "B3_lg124",
        "SUID" : 1954,
        "name" : "Under_Ocean (main) Heaven",
        "Column_3" : "rel",
        "interaction" : "main",
        "shared_interaction" : "main",
        "shared_name" : "Under_Ocean (main) Heaven"
      },
      "selected" : false
    }, {
      "data" : {
        "id" : "433",
        "source" : "90",
        "target" : "312",
        "selected" : false,
        "EdgeBetweenness" : 85.15741655,
        "Column_5" : "B10_lg647",
        "SUID" : 433,
        "name" : "7th_Heaven (note) stars",
        "Column_3" : "no-ana",
        "interaction" : "note",
        "shared_interaction" : "note",
        "shared_name" : "7th_Heaven (note) stars"
      },
      "selected" : false
    }, {
      "data" : {
        "id" : "432",
        "source" : "90",
        "target" : "347",
        "selected" : false,
        "EdgeBetweenness" : 224.37538605,
        "Column_5" : "B10_lg647",
        "SUID" : 432,
        "name" : "7th_Heaven (note) Heaven",
        "Column_3" : "no-ana",
        "interaction" : "note",
        "shared_interaction" : "note",
        "shared_name" : "7th_Heaven (note) Heaven"
      },
      "selected" : false
    }, {
      "data" : {
        "id" : "2204",
        "source" : "318",
        "target" : "347",
        "selected" : false,
        "EdgeBetweenness" : 552.4289862,
        "Column_5" : "B11_lg664",
        "SUID" : 2204,
        "name" : "Tombs (note) Heaven",
        "Column_3" : "no-ana",
        "interaction" : "note",
        "shared_interaction" : "note",
        "shared_name" : "Tombs (note) Heaven"
      },
      "selected" : false
    }, {
      "data" : {
        "id" : "2210",
        "source" : "318",
        "target" : "351",
        "selected" : false,
        "EdgeBetweenness" : 818.47001723,
        "Column_5" : "B2_lg70",
        "SUID" : 2210,
        "name" : "Tombs (main) sky",
        "Column_3" : "ana",
        "interaction" : "main",
        "shared_interaction" : "main",
        "shared_name" : "Tombs (main) sky"
      },
      "selected" : false
    }, {
      "data" : {
        "id" : "452",
        "source" : "95",
        "target" : "312",
        "selected" : false,
        "EdgeBetweenness" : 47.14205035,
        "Column_5" : "B10_lg639",
        "SUID" : 452,
        "name" : "Laila_zone (main) stars",
        "Column_3" : "no-ana",
        "interaction" : "main",
        "shared_interaction" : "main",
        "shared_name" : "Laila_zone (main) stars"
      },
      "selected" : false
    }, {
      "data" : {
        "id" : "1407",
        "source" : "232",
        "target" : "351",
        "selected" : false,
        "EdgeBetweenness" : 101.26964595,
        "Column_5" : "B4_lg276",
        "SUID" : 1407,
        "name" : "a nation of one legged men (note) sky",
        "Column_3" : "no-ana",
        "interaction" : "note",
        "shared_interaction" : "note",
        "shared_name" : "a nation of one legged men (note) sky"
      },
      "selected" : false
    }, {
      "data" : {
        "id" : "2201",
        "source" : "317",
        "target" : "318",
        "selected" : false,
        "EdgeBetweenness" : 179.55542559,
        "Column_5" : "B9_lg536",
        "SUID" : 2201,
        "name" : "to_next_world (note) Tombs",
        "Column_3" : "no-ana",
        "interaction" : "note",
        "shared_interaction" : "note",
        "shared_name" : "to_next_world (note) Tombs"
      },
      "selected" : false
    }, {
      "data" : {
        "id" : "1400",
        "source" : "231",
        "target" : "351",
        "selected" : false,
        "EdgeBetweenness" : 101.26964595,
        "Column_5" : "B4_lg276",
        "SUID" : 1400,
        "name" : "the viewless Element (main) sky",
        "Column_3" : "ana",
        "interaction" : "main",
        "shared_interaction" : "main",
        "shared_name" : "the viewless Element (main) sky"
      },
      "selected" : false
    }, {
      "data" : {
        "id" : "1402",
        "source" : "231",
        "target" : "232",
        "selected" : false,
        "EdgeBetweenness" : 2.0,
        "Column_5" : "B4_lg276",
        "SUID" : 1402,
        "name" : "the viewless Element (main) a nation of one legged men",
        "Column_3" : "ana",
        "interaction" : "main",
        "shared_interaction" : "main",
        "shared_name" : "the viewless Element (main) a nation of one legged men"
      },
      "selected" : false
    }, {
      "data" : {
        "id" : "2200",
        "source" : "316",
        "target" : "317",
        "selected" : false,
        "EdgeBetweenness" : 84.0815046,
        "Column_5" : "B1_lg28",
        "SUID" : 2200,
        "name" : "the_other_world (note) to_next_world",
        "Column_3" : "no-ana",
        "interaction" : "note",
        "shared_interaction" : "note",
        "shared_name" : "the_other_world (note) to_next_world"
      },
      "selected" : false
    }, {
      "data" : {
        "id" : "2196",
        "source" : "316",
        "target" : "318",
        "selected" : false,
        "EdgeBetweenness" : 494.19546174,
        "Column_5" : "B10_lg563",
        "SUID" : 2196,
        "name" : "the_other_world (note) Tombs",
        "Column_3" : "no-ana",
        "interaction" : "note",
        "shared_interaction" : "note",
        "shared_name" : "the_other_world (note) Tombs"
      },
      "selected" : false
    }, {
      "data" : {
        "id" : "535",
        "source" : "108",
        "target" : "351",
        "selected" : false,
        "EdgeBetweenness" : 202.93474332,
        "Column_5" : "B9_lg535",
        "SUID" : 535,
        "name" : "Khawla_breath (main) sky",
        "Column_3" : "no-ana",
        "interaction" : "main",
        "shared_interaction" : "main",
        "shared_name" : "Khawla_breath (main) sky"
      },
      "selected" : false
    }, {
      "data" : {
        "id" : "2296",
        "source" : "331",
        "target" : "347",
        "selected" : false,
        "EdgeBetweenness" : 93.73574883,
        "Column_5" : "B2_lg72",
        "SUID" : 2296,
        "name" : "Irem_removed (main) Heaven",
        "Column_3" : "hereNow",
        "interaction" : "main",
        "shared_interaction" : "main",
        "shared_name" : "Irem_removed (main) Heaven"
      },
      "selected" : false
    }, {
      "data" : {
        "id" : "2300",
        "source" : "331",
        "target" : "351",
        "selected" : false,
        "EdgeBetweenness" : 34.3464017,
        "Column_5" : "B1_lg35",
        "SUID" : 2300,
        "name" : "Irem_removed (note) sky",
        "Column_3" : "no-ana",
        "interaction" : "note",
        "shared_interaction" : "note",
        "shared_name" : "Irem_removed (note) sky"
      },
      "selected" : false
    }, {
      "data" : {
        "id" : "383",
        "source" : "80",
        "target" : "347",
        "selected" : false,
        "EdgeBetweenness" : 248.95370094,
        "Column_5" : "B11_lg664",
        "SUID" : 383,
        "name" : "The Grave of Francisco Jorge (note) Heaven",
        "Column_3" : "no-ana",
        "interaction" : "note",
        "shared_interaction" : "note",
        "shared_name" : "The Grave of Francisco Jorge (note) Heaven"
      },
      "selected" : false
    }, {
      "data" : {
        "id" : "384",
        "source" : "80",
        "target" : "318",
        "selected" : false,
        "EdgeBetweenness" : 221.74110073,
        "Column_5" : "B11_lg664",
        "SUID" : 384,
        "name" : "The Grave of Francisco Jorge (note) Tombs",
        "Column_3" : "no-ana",
        "interaction" : "note",
        "shared_interaction" : "note",
        "shared_name" : "The Grave of Francisco Jorge (note) Tombs"
      },
      "selected" : false
    }, {
      "data" : {
        "id" : "382",
        "source" : "80",
        "target" : "300",
        "selected" : false,
        "EdgeBetweenness" : 81.30519833,
        "Column_5" : "B11_lg664",
        "SUID" : 382,
        "name" : "The Grave of Francisco Jorge (note) Paradise",
        "Column_3" : "no-ana",
        "interaction" : "note",
        "shared_interaction" : "note",
        "shared_name" : "The Grave of Francisco Jorge (note) Paradise"
      },
      "selected" : false
    }, {
      "data" : {
        "id" : "2152",
        "source" : "312",
        "target" : "347",
        "selected" : false,
        "EdgeBetweenness" : 159.50886291,
        "Column_5" : "B10_lg647",
        "SUID" : 2152,
        "name" : "stars (main) Heaven",
        "Column_3" : "no-ana",
        "interaction" : "main",
        "shared_interaction" : "main",
        "shared_name" : "stars (main) Heaven"
      },
      "selected" : false
    }, {
      "data" : {
        "id" : "2160",
        "source" : "312",
        "target" : "351",
        "selected" : false,
        "EdgeBetweenness" : 152.56894458,
        "Column_5" : "B1_lg35",
        "SUID" : 2160,
        "name" : "stars (note) sky",
        "Column_3" : "no-ana",
        "interaction" : "note",
        "shared_interaction" : "note",
        "shared_name" : "stars (note) sky"
      },
      "selected" : false
    }, {
      "data" : {
        "id" : "2157",
        "source" : "312",
        "target" : "331",
        "selected" : false,
        "EdgeBetweenness" : 22.05440924,
        "Column_5" : "B1_lg35",
        "SUID" : 2157,
        "name" : "stars (note) Irem_removed",
        "Column_3" : "no-ana",
        "interaction" : "note",
        "shared_interaction" : "note",
        "shared_name" : "stars (note) Irem_removed"
      },
      "selected" : false
    }, {
      "data" : {
        "id" : "2286",
        "source" : "330",
        "target" : "318",
        "selected" : false,
        "EdgeBetweenness" : 253.30227784,
        "Column_5" : "B9_lg542",
        "SUID" : 2286,
        "name" : "Universe (main) Tombs",
        "Column_3" : "no-ana",
        "interaction" : "main",
        "shared_interaction" : "main",
        "shared_name" : "Universe (main) Tombs"
      },
      "selected" : false
    }, {
      "data" : {
        "id" : "2294",
        "source" : "330",
        "target" : "331",
        "selected" : false,
        "EdgeBetweenness" : 32.03661382,
        "Column_5" : "B1_lg19",
        "SUID" : 2294,
        "name" : "Universe (main) Irem_removed",
        "Column_3" : "no-ana",
        "interaction" : "main",
        "shared_interaction" : "main",
        "shared_name" : "Universe (main) Irem_removed"
      },
      "selected" : false
    }, {
      "data" : {
        "id" : "565",
        "source" : "115",
        "target" : "296",
        "selected" : false,
        "EdgeBetweenness" : 274.71498284,
        "Column_5" : "B9_lg528",
        "SUID" : 565,
        "name" : "burning_grave (note) Hell",
        "Column_3" : "no-ana",
        "interaction" : "note",
        "shared_interaction" : "note",
        "shared_name" : "burning_grave (note) Hell"
      },
      "selected" : false
    } ]
  }
}