{
  "format_version" : "1.0",
  "generated_by" : "cytoscape-3.2.0",
  "target_cytoscapejs_version" : "~2.1",
  "data" : {
    "selected" : false,
    "__Annotations" : [ "text=China and its First Neighbors: Thalaba Network|color=-13312|zoom=0.25435612414058445|canvas=foreground|fontStyle=0|fontFamily=Arial|uuid=a6cf1bf9-4c65-4798-be38-b47b5a67039f|fontSize=36|type=org.cytoscape.view.presentation.annotations.TextAnnotation|y=114.0|x=-141.0" ],
    "shared_name" : "ThalabaAna.tsv(4)",
    "SUID" : 2469,
    "name" : "ThalabaAna.tsv(4)"
  },
  "elements" : {
    "nodes" : [ {
      "data" : {
        "id" : "193",
        "NeighborhoodConnectivity" : 16.57894737,
        "Column_2" : "place",
        "NumberOfDirectedEdges" : 19,
        "SUID" : 193,
        "Column_3" : "no-ana",
        "Stress" : 5004,
        "SelfLoops" : 0,
        "IsSingleNode" : false,
        "PartnerOfMultiEdgedNodePairs" : 0,
        "selected" : false,
        "name" : "China",
        "Degree" : 19,
        "TopologicalCoefficient" : 0.12190402,
        "BetweennessCentrality" : 0.02789403,
        "Radiality" : 0.73478261,
        "Eccentricity" : 3,
        "NumberOfUndirectedEdges" : 0,
        "ClosenessCentrality" : 0.42990654,
        "shared_name" : "China",
        "AverageShortestPathLength" : 2.32608696,
        "ClusteringCoefficient" : 0.0
      },
      "position" : {
        "x" : 1325.831398011011,
        "y" : 1343.563186659135
      },
      "selected" : false
    }, {
      "data" : {
        "id" : "281",
        "NeighborhoodConnectivity" : 15.86486486,
        "Column_2" : "place",
        "NumberOfDirectedEdges" : 37,
        "SUID" : 281,
        "Column_3" : "no-ana",
        "Stress" : 14402,
        "SelfLoops" : 0,
        "IsSingleNode" : false,
        "PartnerOfMultiEdgedNodePairs" : 0,
        "selected" : false,
        "name" : "England",
        "Degree" : 37,
        "TopologicalCoefficient" : 0.09332273,
        "BetweennessCentrality" : 0.08239301,
        "Radiality" : 0.78,
        "Eccentricity" : 3,
        "NumberOfUndirectedEdges" : 0,
        "ClosenessCentrality" : 0.47619048,
        "shared_name" : "England",
        "AverageShortestPathLength" : 2.1,
        "ClusteringCoefficient" : 0.0
      },
      "position" : {
        "x" : 2027.5439453125,
        "y" : 781.3597640983639
      },
      "selected" : false
    }, {
      "data" : {
        "id" : "185",
        "NeighborhoodConnectivity" : 23.9,
        "Column_2" : "place",
        "NumberOfDirectedEdges" : 10,
        "SUID" : 185,
        "Column_3" : "no-ana",
        "Stress" : 0,
        "SelfLoops" : 0,
        "IsSingleNode" : false,
        "PartnerOfMultiEdgedNodePairs" : 0,
        "selected" : false,
        "name" : "Macao",
        "Degree" : 10,
        "TopologicalCoefficient" : 0.19916667,
        "BetweennessCentrality" : 0.0,
        "Radiality" : 0.71304348,
        "Eccentricity" : 3,
        "NumberOfUndirectedEdges" : 0,
        "ClosenessCentrality" : 0.41071429,
        "shared_name" : "Macao",
        "AverageShortestPathLength" : 2.43478261,
        "ClusteringCoefficient" : 0.0
      },
      "position" : {
        "x" : 1171.2507095344483,
        "y" : 868.3665924087408
      },
      "selected" : false
    }, {
      "data" : {
        "id" : "194",
        "NeighborhoodConnectivity" : 16.5,
        "Column_2" : "place",
        "NumberOfDirectedEdges" : 10,
        "SUID" : 194,
        "Column_3" : "rel",
        "Stress" : 4812,
        "SelfLoops" : 0,
        "IsSingleNode" : false,
        "PartnerOfMultiEdgedNodePairs" : 0,
        "selected" : false,
        "name" : "Tartarian_Mts",
        "Degree" : 10,
        "TopologicalCoefficient" : 0.15377358,
        "BetweennessCentrality" : 0.02426132,
        "Radiality" : 0.69478261,
        "Eccentricity" : 4,
        "NumberOfUndirectedEdges" : 0,
        "ClosenessCentrality" : 0.39586919,
        "shared_name" : "Tartarian_Mts",
        "AverageShortestPathLength" : 2.52608696,
        "ClusteringCoefficient" : 0.0
      },
      "position" : {
        "x" : 210.11533034235117,
        "y" : 769.5652998422447
      },
      "selected" : false
    }, {
      "data" : {
        "id" : "195",
        "NeighborhoodConnectivity" : 8.8,
        "Column_2" : "place",
        "NumberOfDirectedEdges" : 5,
        "SUID" : 195,
        "Column_3" : "no-ana",
        "Stress" : 0,
        "SelfLoops" : 0,
        "IsSingleNode" : false,
        "PartnerOfMultiEdgedNodePairs" : 0,
        "selected" : false,
        "name" : "Whang-ho_River",
        "Degree" : 5,
        "TopologicalCoefficient" : 0.36666667,
        "BetweennessCentrality" : 0.0,
        "Radiality" : 0.57826087,
        "Eccentricity" : 4,
        "NumberOfUndirectedEdges" : 0,
        "ClosenessCentrality" : 0.32167832,
        "shared_name" : "Whang-ho_River",
        "AverageShortestPathLength" : 3.10869565,
        "ClusteringCoefficient" : 0.0
      },
      "position" : {
        "x" : -494.5160903938235,
        "y" : 1239.126220703125
      },
      "selected" : false
    }, {
      "data" : {
        "id" : "186",
        "NeighborhoodConnectivity" : 23.9,
        "Column_2" : "place",
        "NumberOfDirectedEdges" : 10,
        "SUID" : 186,
        "Column_3" : "no-ana",
        "Stress" : 0,
        "SelfLoops" : 0,
        "IsSingleNode" : false,
        "PartnerOfMultiEdgedNodePairs" : 0,
        "selected" : false,
        "name" : "Edirne",
        "Degree" : 10,
        "TopologicalCoefficient" : 0.19916667,
        "BetweennessCentrality" : 0.0,
        "Radiality" : 0.71304348,
        "Eccentricity" : 3,
        "NumberOfUndirectedEdges" : 0,
        "ClosenessCentrality" : 0.41071429,
        "shared_name" : "Edirne",
        "AverageShortestPathLength" : 2.43478261,
        "ClusteringCoefficient" : 0.0
      },
      "position" : {
        "x" : 855.0643046206692,
        "y" : 892.0397869814036
      },
      "selected" : false
    }, {
      "data" : {
        "id" : "196",
        "NeighborhoodConnectivity" : 8.8,
        "Column_2" : "place",
        "NumberOfDirectedEdges" : 5,
        "SUID" : 196,
        "Column_3" : "no-ana",
        "Stress" : 0,
        "SelfLoops" : 0,
        "IsSingleNode" : false,
        "PartnerOfMultiEdgedNodePairs" : 0,
        "selected" : false,
        "name" : "Tibet",
        "Degree" : 5,
        "TopologicalCoefficient" : 0.36666667,
        "BetweennessCentrality" : 0.0,
        "Radiality" : 0.57826087,
        "Eccentricity" : 4,
        "NumberOfUndirectedEdges" : 0,
        "ClosenessCentrality" : 0.32167832,
        "shared_name" : "Tibet",
        "AverageShortestPathLength" : 3.10869565,
        "ClusteringCoefficient" : 0.0
      },
      "position" : {
        "x" : -889.8846696576488,
        "y" : 969.5652998422447
      },
      "selected" : false
    }, {
      "data" : {
        "id" : "182",
        "NeighborhoodConnectivity" : 23.9,
        "Column_2" : "place",
        "NumberOfDirectedEdges" : 10,
        "SUID" : 182,
        "Column_3" : "no-ana",
        "Stress" : 0,
        "SelfLoops" : 0,
        "IsSingleNode" : false,
        "PartnerOfMultiEdgedNodePairs" : 0,
        "selected" : false,
        "name" : "Malabar",
        "Degree" : 10,
        "TopologicalCoefficient" : 0.19916667,
        "BetweennessCentrality" : 0.0,
        "Radiality" : 0.71304348,
        "Eccentricity" : 3,
        "NumberOfUndirectedEdges" : 0,
        "ClosenessCentrality" : 0.41071429,
        "shared_name" : "Malabar",
        "AverageShortestPathLength" : 2.43478261,
        "ClusteringCoefficient" : 0.0
      },
      "position" : {
        "x" : 470.84625244140625,
        "y" : 711.2753067024173
      },
      "selected" : false
    }, {
      "data" : {
        "id" : "279",
        "NeighborhoodConnectivity" : 23.65384615,
        "Column_2" : "place",
        "NumberOfDirectedEdges" : 26,
        "SUID" : 279,
        "Column_3" : "no-ana",
        "Stress" : 5782,
        "SelfLoops" : 0,
        "IsSingleNode" : false,
        "PartnerOfMultiEdgedNodePairs" : 0,
        "selected" : false,
        "name" : "Turkey",
        "Degree" : 26,
        "TopologicalCoefficient" : 0.11946387,
        "BetweennessCentrality" : 0.02239882,
        "Radiality" : 0.79478261,
        "Eccentricity" : 3,
        "NumberOfUndirectedEdges" : 0,
        "ClosenessCentrality" : 0.49356223,
        "shared_name" : "Turkey",
        "AverageShortestPathLength" : 2.02608696,
        "ClusteringCoefficient" : 0.0
      },
      "position" : {
        "x" : 2855.064304620669,
        "y" : 769.5652998422447
      },
      "selected" : false
    }, {
      "data" : {
        "id" : "183",
        "NeighborhoodConnectivity" : 23.9,
        "Column_2" : "place",
        "NumberOfDirectedEdges" : 10,
        "SUID" : 183,
        "Column_3" : "no-ana",
        "Stress" : 0,
        "SelfLoops" : 0,
        "IsSingleNode" : false,
        "PartnerOfMultiEdgedNodePairs" : 0,
        "selected" : false,
        "name" : "Russia",
        "Degree" : 10,
        "TopologicalCoefficient" : 0.19916667,
        "BetweennessCentrality" : 0.0,
        "Radiality" : 0.71304348,
        "Eccentricity" : 3,
        "NumberOfUndirectedEdges" : 0,
        "ClosenessCentrality" : 0.41071429,
        "shared_name" : "Russia",
        "AverageShortestPathLength" : 2.43478261,
        "ClusteringCoefficient" : 0.0
      },
      "position" : {
        "x" : 503.9649353027344,
        "y" : 935.2862091079595
      },
      "selected" : false
    }, {
      "data" : {
        "id" : "192",
        "NeighborhoodConnectivity" : 8.8,
        "Column_2" : "place",
        "NumberOfDirectedEdges" : 5,
        "SUID" : 192,
        "Column_3" : "no-ana",
        "Stress" : 0,
        "SelfLoops" : 0,
        "IsSingleNode" : false,
        "PartnerOfMultiEdgedNodePairs" : 0,
        "selected" : false,
        "name" : "Bohai_Sea",
        "Degree" : 5,
        "TopologicalCoefficient" : 0.36666667,
        "BetweennessCentrality" : 0.0,
        "Radiality" : 0.57826087,
        "Eccentricity" : 4,
        "NumberOfUndirectedEdges" : 0,
        "ClosenessCentrality" : 0.32167832,
        "shared_name" : "Bohai_Sea",
        "AverageShortestPathLength" : 3.10869565,
        "ClusteringCoefficient" : 0.0
      },
      "position" : {
        "x" : -842.7067260742188,
        "y" : 628.0314712531984
      },
      "selected" : false
    }, {
      "data" : {
        "id" : "184",
        "NeighborhoodConnectivity" : 23.9,
        "Column_2" : "place",
        "NumberOfDirectedEdges" : 10,
        "SUID" : 184,
        "Column_3" : "no-ana",
        "Stress" : 0,
        "SelfLoops" : 0,
        "IsSingleNode" : false,
        "PartnerOfMultiEdgedNodePairs" : 0,
        "selected" : false,
        "name" : "Canton",
        "Degree" : 10,
        "TopologicalCoefficient" : 0.19916667,
        "BetweennessCentrality" : 0.0,
        "Radiality" : 0.71304348,
        "Eccentricity" : 3,
        "NumberOfUndirectedEdges" : 0,
        "ClosenessCentrality" : 0.41071429,
        "shared_name" : "Canton",
        "AverageShortestPathLength" : 2.43478261,
        "ClusteringCoefficient" : 0.0
      },
      "position" : {
        "x" : 671.3525739119307,
        "y" : 998.1058041593858
      },
      "selected" : false
    }, {
      "data" : {
        "id" : "120",
        "NeighborhoodConnectivity" : 17.5,
        "Column_2" : "place",
        "NumberOfDirectedEdges" : 4,
        "SUID" : 120,
        "Column_3" : "no-ana",
        "Stress" : 0,
        "SelfLoops" : 0,
        "IsSingleNode" : false,
        "PartnerOfMultiEdgedNodePairs" : 0,
        "selected" : false,
        "name" : "Xantung",
        "Degree" : 4,
        "TopologicalCoefficient" : 0.37234043,
        "BetweennessCentrality" : 0.0,
        "Radiality" : 0.63043478,
        "Eccentricity" : 4,
        "NumberOfUndirectedEdges" : 0,
        "ClosenessCentrality" : 0.35114504,
        "shared_name" : "Xantung",
        "AverageShortestPathLength" : 2.84782609,
        "ClusteringCoefficient" : 0.0
      },
      "position" : {
        "x" : -330.91220855788595,
        "y" : 952.126708984375
      },
      "selected" : false
    }, {
      "data" : {
        "id" : "288",
        "NeighborhoodConnectivity" : 22.03225806,
        "Column_2" : "place",
        "NumberOfDirectedEdges" : 31,
        "SUID" : 288,
        "Column_3" : "no-ana",
        "Stress" : 8438,
        "SelfLoops" : 0,
        "IsSingleNode" : false,
        "PartnerOfMultiEdgedNodePairs" : 0,
        "selected" : false,
        "name" : "Europe",
        "Degree" : 31,
        "TopologicalCoefficient" : 0.10961322,
        "BetweennessCentrality" : 0.03353601,
        "Radiality" : 0.80173913,
        "Eccentricity" : 3,
        "NumberOfUndirectedEdges" : 0,
        "ClosenessCentrality" : 0.50218341,
        "shared_name" : "Europe",
        "AverageShortestPathLength" : 1.99130435,
        "ClusteringCoefficient" : 0.0
      },
      "position" : {
        "x" : 3255.064304620669,
        "y" : 769.5652998422447
      },
      "selected" : false
    }, {
      "data" : {
        "id" : "181",
        "NeighborhoodConnectivity" : 23.9,
        "Column_2" : "place",
        "NumberOfDirectedEdges" : 10,
        "SUID" : 181,
        "Column_3" : "rel",
        "Stress" : 0,
        "SelfLoops" : 0,
        "IsSingleNode" : false,
        "PartnerOfMultiEdgedNodePairs" : 0,
        "selected" : false,
        "name" : "Shiraz",
        "Degree" : 10,
        "TopologicalCoefficient" : 0.19916667,
        "BetweennessCentrality" : 0.0,
        "Radiality" : 0.71304348,
        "Eccentricity" : 3,
        "NumberOfUndirectedEdges" : 0,
        "ClosenessCentrality" : 0.41071429,
        "shared_name" : "Shiraz",
        "AverageShortestPathLength" : 2.43478261,
        "ClusteringCoefficient" : 0.0
      },
      "position" : {
        "x" : 1426.798194886011,
        "y" : 554.0154418945312
      },
      "selected" : false
    }, {
      "data" : {
        "id" : "121",
        "NeighborhoodConnectivity" : 17.5,
        "Column_2" : "place",
        "NumberOfDirectedEdges" : 4,
        "SUID" : 121,
        "Column_3" : "no-ana",
        "Stress" : 0,
        "SelfLoops" : 0,
        "IsSingleNode" : false,
        "PartnerOfMultiEdgedNodePairs" : 0,
        "selected" : false,
        "name" : "Huquam",
        "Degree" : 4,
        "TopologicalCoefficient" : 0.37234043,
        "BetweennessCentrality" : 0.0,
        "Radiality" : 0.63043478,
        "Eccentricity" : 4,
        "NumberOfUndirectedEdges" : 0,
        "ClosenessCentrality" : 0.35114504,
        "shared_name" : "Huquam",
        "AverageShortestPathLength" : 2.84782609,
        "ClusteringCoefficient" : 0.0
      },
      "position" : {
        "x" : -189.88466965764883,
        "y" : 869.5652998422447
      },
      "selected" : false
    }, {
      "data" : {
        "id" : "256",
        "NeighborhoodConnectivity" : 25.75,
        "Column_2" : "place",
        "NumberOfDirectedEdges" : 16,
        "SUID" : 256,
        "Column_3" : "no-ana",
        "Stress" : 3340,
        "SelfLoops" : 0,
        "IsSingleNode" : false,
        "PartnerOfMultiEdgedNodePairs" : 0,
        "selected" : false,
        "name" : "India",
        "Degree" : 16,
        "TopologicalCoefficient" : 0.14071038,
        "BetweennessCentrality" : 0.01267148,
        "Radiality" : 0.77304348,
        "Eccentricity" : 3,
        "NumberOfUndirectedEdges" : 0,
        "ClosenessCentrality" : 0.46843177,
        "shared_name" : "India",
        "AverageShortestPathLength" : 2.13478261,
        "ClusteringCoefficient" : 0.0
      },
      "position" : {
        "x" : 1603.9547576889156,
        "y" : 765.6338424705328
      },
      "selected" : false
    }, {
      "data" : {
        "id" : "229",
        "NeighborhoodConnectivity" : 18.48275862,
        "Column_2" : "place",
        "NumberOfDirectedEdges" : 29,
        "SUID" : 229,
        "Column_3" : "no-ana",
        "Stress" : 9768,
        "SelfLoops" : 0,
        "IsSingleNode" : false,
        "PartnerOfMultiEdgedNodePairs" : 0,
        "selected" : false,
        "name" : "Ispahan",
        "Degree" : 29,
        "TopologicalCoefficient" : 0.10099868,
        "BetweennessCentrality" : 0.04934197,
        "Radiality" : 0.78434783,
        "Eccentricity" : 3,
        "NumberOfUndirectedEdges" : 0,
        "ClosenessCentrality" : 0.48117155,
        "shared_name" : "Ispahan",
        "AverageShortestPathLength" : 2.07826087,
        "ClusteringCoefficient" : 0.0
      },
      "position" : {
        "x" : 2455.064304620669,
        "y" : 769.5652998422447
      },
      "selected" : false
    }, {
      "data" : {
        "id" : "197",
        "NeighborhoodConnectivity" : 8.8,
        "Column_2" : "place",
        "NumberOfDirectedEdges" : 5,
        "SUID" : 197,
        "Column_3" : "no-ana",
        "Stress" : 0,
        "SelfLoops" : 0,
        "IsSingleNode" : false,
        "PartnerOfMultiEdgedNodePairs" : 0,
        "selected" : false,
        "name" : "Hotun_Nor",
        "Degree" : 5,
        "TopologicalCoefficient" : 0.36666667,
        "BetweennessCentrality" : 0.0,
        "Radiality" : 0.57826087,
        "Eccentricity" : 4,
        "NumberOfUndirectedEdges" : 0,
        "ClosenessCentrality" : 0.32167832,
        "shared_name" : "Hotun_Nor",
        "AverageShortestPathLength" : 3.10869565,
        "ClusteringCoefficient" : 0.0
      },
      "position" : {
        "x" : -789.8846696576488,
        "y" : 869.5652998422447
      },
      "selected" : false
    }, {
      "data" : {
        "id" : "338",
        "NeighborhoodConnectivity" : 19.20512821,
        "Column_2" : "place",
        "NumberOfDirectedEdges" : 78,
        "SUID" : 338,
        "Column_3" : "no-ana",
        "Stress" : 32474,
        "SelfLoops" : 0,
        "IsSingleNode" : false,
        "PartnerOfMultiEdgedNodePairs" : 0,
        "selected" : false,
        "name" : "Persia",
        "Degree" : 78,
        "TopologicalCoefficient" : 0.08729604,
        "BetweennessCentrality" : 0.15648858,
        "Radiality" : 0.85913043,
        "Eccentricity" : 3,
        "NumberOfUndirectedEdges" : 0,
        "ClosenessCentrality" : 0.58673469,
        "shared_name" : "Persia",
        "AverageShortestPathLength" : 1.70434783,
        "ClusteringCoefficient" : 0.0
      },
      "position" : {
        "x" : 3541.050537109375,
        "y" : 522.8809432975828
      },
      "selected" : false
    } ],
    "edges" : [ {
      "data" : {
        "id" : "1168",
        "source" : "193",
        "target" : "288",
        "selected" : false,
        "EdgeBetweenness" : 324.21229234,
        "Column_5" : "B9_lg527",
        "SUID" : 1168,
        "name" : "China (note) Europe",
        "Column_3" : "no-ana",
        "interaction" : "note",
        "shared_interaction" : "note",
        "shared_name" : "China (note) Europe"
      },
      "selected" : false
    }, {
      "data" : {
        "id" : "1169",
        "source" : "193",
        "target" : "256",
        "selected" : false,
        "EdgeBetweenness" : 112.75689992,
        "Column_5" : "B9_lg527",
        "SUID" : 1169,
        "name" : "China (note) India",
        "Column_3" : "no-ana",
        "interaction" : "note",
        "shared_interaction" : "note",
        "shared_name" : "China (note) India"
      },
      "selected" : false
    }, {
      "data" : {
        "id" : "1175",
        "source" : "193",
        "target" : "194",
        "selected" : false,
        "EdgeBetweenness" : 178.29111096,
        "Column_5" : "B6_lg367",
        "SUID" : 1175,
        "name" : "China (note) Tartarian_Mts",
        "Column_3" : "no-ana",
        "interaction" : "note",
        "shared_interaction" : "note",
        "shared_name" : "China (note) Tartarian_Mts"
      },
      "selected" : false
    }, {
      "data" : {
        "id" : "1176",
        "source" : "193",
        "target" : "197",
        "selected" : false,
        "EdgeBetweenness" : 281.86503497,
        "Column_5" : "B6_lg367",
        "SUID" : 1176,
        "name" : "China (note) Hotun_Nor",
        "Column_3" : "no-ana",
        "interaction" : "note",
        "shared_interaction" : "note",
        "shared_name" : "China (note) Hotun_Nor"
      },
      "selected" : false
    }, {
      "data" : {
        "id" : "1170",
        "source" : "193",
        "target" : "279",
        "selected" : false,
        "EdgeBetweenness" : 164.10509694,
        "Column_5" : "B6_lg379",
        "SUID" : 1170,
        "name" : "China (note) Turkey",
        "Column_3" : "no-ana",
        "interaction" : "note",
        "shared_interaction" : "note",
        "shared_name" : "China (note) Turkey"
      },
      "selected" : false
    }, {
      "data" : {
        "id" : "1171",
        "source" : "193",
        "target" : "229",
        "selected" : false,
        "EdgeBetweenness" : 243.32169624,
        "Column_5" : "B6_lg379",
        "SUID" : 1171,
        "name" : "China (note) Ispahan",
        "Column_3" : "no-ana",
        "interaction" : "note",
        "shared_interaction" : "note",
        "shared_name" : "China (note) Ispahan"
      },
      "selected" : false
    }, {
      "data" : {
        "id" : "1172",
        "source" : "193",
        "target" : "338",
        "selected" : false,
        "EdgeBetweenness" : 625.20178287,
        "Column_5" : "B6_lg379",
        "SUID" : 1172,
        "name" : "China (note) Persia",
        "Column_3" : "no-ana",
        "interaction" : "note",
        "shared_interaction" : "note",
        "shared_name" : "China (note) Persia"
      },
      "selected" : false
    }, {
      "data" : {
        "id" : "1173",
        "source" : "193",
        "target" : "281",
        "selected" : false,
        "EdgeBetweenness" : 289.75224617,
        "Column_5" : "B6_lg379",
        "SUID" : 1173,
        "name" : "China (note) England",
        "Column_3" : "no-ana",
        "interaction" : "note",
        "shared_interaction" : "note",
        "shared_name" : "China (note) England"
      },
      "selected" : false
    }, {
      "data" : {
        "id" : "1865",
        "source" : "281",
        "target" : "279",
        "selected" : false,
        "EdgeBetweenness" : 177.20764411,
        "Column_5" : "B6_lg379",
        "SUID" : 1865,
        "name" : "England (note) Turkey",
        "Column_3" : "no-ana",
        "interaction" : "note",
        "shared_interaction" : "note",
        "shared_name" : "England (note) Turkey"
      },
      "selected" : false
    }, {
      "data" : {
        "id" : "1864",
        "source" : "281",
        "target" : "338",
        "selected" : false,
        "EdgeBetweenness" : 887.98272663,
        "Column_5" : "B9_lg522",
        "SUID" : 1864,
        "name" : "England (note) Persia",
        "Column_3" : "no-ana",
        "interaction" : "note",
        "shared_interaction" : "note",
        "shared_name" : "England (note) Persia"
      },
      "selected" : false
    }, {
      "data" : {
        "id" : "1131",
        "source" : "185",
        "target" : "186",
        "selected" : false,
        "EdgeBetweenness" : 2.0,
        "Column_5" : "B6_lg379",
        "SUID" : 1131,
        "name" : "Macao (note) Edirne",
        "Column_3" : "no-ana",
        "interaction" : "note",
        "shared_interaction" : "note",
        "shared_name" : "Macao (note) Edirne"
      },
      "selected" : false
    }, {
      "data" : {
        "id" : "1128",
        "source" : "185",
        "target" : "281",
        "selected" : false,
        "EdgeBetweenness" : 56.36194332,
        "Column_5" : "B6_lg379",
        "SUID" : 1128,
        "name" : "Macao (note) England",
        "Column_3" : "no-ana",
        "interaction" : "note",
        "shared_interaction" : "note",
        "shared_name" : "Macao (note) England"
      },
      "selected" : false
    }, {
      "data" : {
        "id" : "1127",
        "source" : "185",
        "target" : "338",
        "selected" : false,
        "EdgeBetweenness" : 237.77208888,
        "Column_5" : "B6_lg379",
        "SUID" : 1127,
        "name" : "Macao (note) Persia",
        "Column_3" : "no-ana",
        "interaction" : "note",
        "shared_interaction" : "note",
        "shared_name" : "Macao (note) Persia"
      },
      "selected" : false
    }, {
      "data" : {
        "id" : "1129",
        "source" : "185",
        "target" : "193",
        "selected" : false,
        "EdgeBetweenness" : 23.68141026,
        "Column_5" : "B6_lg379",
        "SUID" : 1129,
        "name" : "Macao (note) China",
        "Column_3" : "no-ana",
        "interaction" : "note",
        "shared_interaction" : "note",
        "shared_name" : "Macao (note) China"
      },
      "selected" : false
    }, {
      "data" : {
        "id" : "1125",
        "source" : "185",
        "target" : "279",
        "selected" : false,
        "EdgeBetweenness" : 65.14527665,
        "Column_5" : "B6_lg379",
        "SUID" : 1125,
        "name" : "Macao (note) Turkey",
        "Column_3" : "no-ana",
        "interaction" : "note",
        "shared_interaction" : "note",
        "shared_name" : "Macao (note) Turkey"
      },
      "selected" : false
    }, {
      "data" : {
        "id" : "1126",
        "source" : "185",
        "target" : "229",
        "selected" : false,
        "EdgeBetweenness" : 67.03928089,
        "Column_5" : "B6_lg379",
        "SUID" : 1126,
        "name" : "Macao (note) Ispahan",
        "Column_3" : "no-ana",
        "interaction" : "note",
        "shared_interaction" : "note",
        "shared_name" : "Macao (note) Ispahan"
      },
      "selected" : false
    }, {
      "data" : {
        "id" : "1182",
        "source" : "194",
        "target" : "197",
        "selected" : false,
        "EdgeBetweenness" : 172.13496503,
        "Column_5" : "B6_lg367",
        "SUID" : 1182,
        "name" : "Tartarian_Mts (main) Hotun_Nor",
        "Column_3" : "destin",
        "interaction" : "main",
        "shared_interaction" : "main",
        "shared_name" : "Tartarian_Mts (main) Hotun_Nor"
      },
      "selected" : false
    }, {
      "data" : {
        "id" : "1185",
        "source" : "195",
        "target" : "193",
        "selected" : false,
        "EdgeBetweenness" : 281.86503497,
        "Column_5" : "B6_lg367",
        "SUID" : 1185,
        "name" : "Whang-ho_River (main) China",
        "Column_3" : "no-ana",
        "interaction" : "main",
        "shared_interaction" : "main",
        "shared_name" : "Whang-ho_River (main) China"
      },
      "selected" : false
    }, {
      "data" : {
        "id" : "1184",
        "source" : "195",
        "target" : "197",
        "selected" : false,
        "EdgeBetweenness" : 2.0,
        "Column_5" : "B6_lg367",
        "SUID" : 1184,
        "name" : "Whang-ho_River (main) Hotun_Nor",
        "Column_3" : "no-ana",
        "interaction" : "main",
        "shared_interaction" : "main",
        "shared_name" : "Whang-ho_River (main) Hotun_Nor"
      },
      "selected" : false
    }, {
      "data" : {
        "id" : "1183",
        "source" : "195",
        "target" : "194",
        "selected" : false,
        "EdgeBetweenness" : 172.13496503,
        "Column_5" : "B6_lg367",
        "SUID" : 1183,
        "name" : "Whang-ho_River (main) Tartarian_Mts",
        "Column_3" : "no-ana",
        "interaction" : "main",
        "shared_interaction" : "main",
        "shared_name" : "Whang-ho_River (main) Tartarian_Mts"
      },
      "selected" : false
    }, {
      "data" : {
        "id" : "1136",
        "source" : "186",
        "target" : "193",
        "selected" : false,
        "EdgeBetweenness" : 23.68141026,
        "Column_5" : "B6_lg379",
        "SUID" : 1136,
        "name" : "Edirne (note) China",
        "Column_3" : "no-ana",
        "interaction" : "note",
        "shared_interaction" : "note",
        "shared_name" : "Edirne (note) China"
      },
      "selected" : false
    }, {
      "data" : {
        "id" : "1135",
        "source" : "186",
        "target" : "281",
        "selected" : false,
        "EdgeBetweenness" : 56.36194332,
        "Column_5" : "B6_lg379",
        "SUID" : 1135,
        "name" : "Edirne (note) England",
        "Column_3" : "no-ana",
        "interaction" : "note",
        "shared_interaction" : "note",
        "shared_name" : "Edirne (note) England"
      },
      "selected" : false
    }, {
      "data" : {
        "id" : "1133",
        "source" : "186",
        "target" : "229",
        "selected" : false,
        "EdgeBetweenness" : 67.03928089,
        "Column_5" : "B6_lg379",
        "SUID" : 1133,
        "name" : "Edirne (note) Ispahan",
        "Column_3" : "no-ana",
        "interaction" : "note",
        "shared_interaction" : "note",
        "shared_name" : "Edirne (note) Ispahan"
      },
      "selected" : false
    }, {
      "data" : {
        "id" : "1134",
        "source" : "186",
        "target" : "338",
        "selected" : false,
        "EdgeBetweenness" : 237.77208888,
        "Column_5" : "B6_lg379",
        "SUID" : 1134,
        "name" : "Edirne (note) Persia",
        "Column_3" : "no-ana",
        "interaction" : "note",
        "shared_interaction" : "note",
        "shared_name" : "Edirne (note) Persia"
      },
      "selected" : false
    }, {
      "data" : {
        "id" : "1132",
        "source" : "186",
        "target" : "279",
        "selected" : false,
        "EdgeBetweenness" : 65.14527665,
        "Column_5" : "B6_lg379",
        "SUID" : 1132,
        "name" : "Edirne (note) Turkey",
        "Column_3" : "no-ana",
        "interaction" : "note",
        "shared_interaction" : "note",
        "shared_name" : "Edirne (note) Turkey"
      },
      "selected" : false
    }, {
      "data" : {
        "id" : "1189",
        "source" : "196",
        "target" : "193",
        "selected" : false,
        "EdgeBetweenness" : 281.86503497,
        "Column_5" : "B6_lg367",
        "SUID" : 1189,
        "name" : "Tibet (note) China",
        "Column_3" : "no-ana",
        "interaction" : "note",
        "shared_interaction" : "note",
        "shared_name" : "Tibet (note) China"
      },
      "selected" : false
    }, {
      "data" : {
        "id" : "1188",
        "source" : "196",
        "target" : "197",
        "selected" : false,
        "EdgeBetweenness" : 2.0,
        "Column_5" : "B6_lg367",
        "SUID" : 1188,
        "name" : "Tibet (note) Hotun_Nor",
        "Column_3" : "no-ana",
        "interaction" : "note",
        "shared_interaction" : "note",
        "shared_name" : "Tibet (note) Hotun_Nor"
      },
      "selected" : false
    }, {
      "data" : {
        "id" : "1186",
        "source" : "196",
        "target" : "194",
        "selected" : false,
        "EdgeBetweenness" : 172.13496503,
        "Column_5" : "B6_lg367",
        "SUID" : 1186,
        "name" : "Tibet (note) Tartarian_Mts",
        "Column_3" : "no-ana",
        "interaction" : "note",
        "shared_interaction" : "note",
        "shared_name" : "Tibet (note) Tartarian_Mts"
      },
      "selected" : false
    }, {
      "data" : {
        "id" : "1187",
        "source" : "196",
        "target" : "195",
        "selected" : false,
        "EdgeBetweenness" : 2.0,
        "Column_5" : "B6_lg367",
        "SUID" : 1187,
        "name" : "Tibet (note) Whang-ho_River",
        "Column_3" : "no-ana",
        "interaction" : "note",
        "shared_interaction" : "note",
        "shared_name" : "Tibet (note) Whang-ho_River"
      },
      "selected" : false
    }, {
      "data" : {
        "id" : "1099",
        "source" : "182",
        "target" : "229",
        "selected" : false,
        "EdgeBetweenness" : 67.03928089,
        "Column_5" : "B6_lg379",
        "SUID" : 1099,
        "name" : "Malabar (note) Ispahan",
        "Column_3" : "no-ana",
        "interaction" : "note",
        "shared_interaction" : "note",
        "shared_name" : "Malabar (note) Ispahan"
      },
      "selected" : false
    }, {
      "data" : {
        "id" : "1098",
        "source" : "182",
        "target" : "279",
        "selected" : false,
        "EdgeBetweenness" : 65.14527665,
        "Column_5" : "B6_lg379",
        "SUID" : 1098,
        "name" : "Malabar (note) Turkey",
        "Column_3" : "no-ana",
        "interaction" : "note",
        "shared_interaction" : "note",
        "shared_name" : "Malabar (note) Turkey"
      },
      "selected" : false
    }, {
      "data" : {
        "id" : "1107",
        "source" : "182",
        "target" : "186",
        "selected" : false,
        "EdgeBetweenness" : 2.0,
        "Column_5" : "B6_lg379",
        "SUID" : 1107,
        "name" : "Malabar (note) Edirne",
        "Column_3" : "no-ana",
        "interaction" : "note",
        "shared_interaction" : "note",
        "shared_name" : "Malabar (note) Edirne"
      },
      "selected" : false
    }, {
      "data" : {
        "id" : "1105",
        "source" : "182",
        "target" : "185",
        "selected" : false,
        "EdgeBetweenness" : 2.0,
        "Column_5" : "B6_lg379",
        "SUID" : 1105,
        "name" : "Malabar (note) Macao",
        "Column_3" : "no-ana",
        "interaction" : "note",
        "shared_interaction" : "note",
        "shared_name" : "Malabar (note) Macao"
      },
      "selected" : false
    }, {
      "data" : {
        "id" : "1103",
        "source" : "182",
        "target" : "193",
        "selected" : false,
        "EdgeBetweenness" : 23.68141026,
        "Column_5" : "B6_lg379",
        "SUID" : 1103,
        "name" : "Malabar (note) China",
        "Column_3" : "no-ana",
        "interaction" : "note",
        "shared_interaction" : "note",
        "shared_name" : "Malabar (note) China"
      },
      "selected" : false
    }, {
      "data" : {
        "id" : "1104",
        "source" : "182",
        "target" : "184",
        "selected" : false,
        "EdgeBetweenness" : 2.0,
        "Column_5" : "B6_lg379",
        "SUID" : 1104,
        "name" : "Malabar (note) Canton",
        "Column_3" : "no-ana",
        "interaction" : "note",
        "shared_interaction" : "note",
        "shared_name" : "Malabar (note) Canton"
      },
      "selected" : false
    }, {
      "data" : {
        "id" : "1101",
        "source" : "182",
        "target" : "281",
        "selected" : false,
        "EdgeBetweenness" : 56.36194332,
        "Column_5" : "B6_lg379",
        "SUID" : 1101,
        "name" : "Malabar (note) England",
        "Column_3" : "no-ana",
        "interaction" : "note",
        "shared_interaction" : "note",
        "shared_name" : "Malabar (note) England"
      },
      "selected" : false
    }, {
      "data" : {
        "id" : "1102",
        "source" : "182",
        "target" : "183",
        "selected" : false,
        "EdgeBetweenness" : 2.0,
        "Column_5" : "B6_lg379",
        "SUID" : 1102,
        "name" : "Malabar (note) Russia",
        "Column_3" : "no-ana",
        "interaction" : "note",
        "shared_interaction" : "note",
        "shared_name" : "Malabar (note) Russia"
      },
      "selected" : false
    }, {
      "data" : {
        "id" : "1100",
        "source" : "182",
        "target" : "338",
        "selected" : false,
        "EdgeBetweenness" : 237.77208888,
        "Column_5" : "B6_lg379",
        "SUID" : 1100,
        "name" : "Malabar (note) Persia",
        "Column_3" : "no-ana",
        "interaction" : "note",
        "shared_interaction" : "note",
        "shared_name" : "Malabar (note) Persia"
      },
      "selected" : false
    }, {
      "data" : {
        "id" : "1843",
        "source" : "279",
        "target" : "338",
        "selected" : false,
        "EdgeBetweenness" : 126.34086912,
        "Column_5" : "B6_lg379",
        "SUID" : 1843,
        "name" : "Turkey (note) Persia",
        "Column_3" : "no-ana",
        "interaction" : "note",
        "shared_interaction" : "note",
        "shared_name" : "Turkey (note) Persia"
      },
      "selected" : false
    }, {
      "data" : {
        "id" : "1108",
        "source" : "183",
        "target" : "279",
        "selected" : false,
        "EdgeBetweenness" : 65.14527665,
        "Column_5" : "B6_lg379",
        "SUID" : 1108,
        "name" : "Russia (note) Turkey",
        "Column_3" : "no-ana",
        "interaction" : "note",
        "shared_interaction" : "note",
        "shared_name" : "Russia (note) Turkey"
      },
      "selected" : false
    }, {
      "data" : {
        "id" : "1110",
        "source" : "183",
        "target" : "338",
        "selected" : false,
        "EdgeBetweenness" : 237.77208888,
        "Column_5" : "B6_lg379",
        "SUID" : 1110,
        "name" : "Russia (note) Persia",
        "Column_3" : "no-ana",
        "interaction" : "note",
        "shared_interaction" : "note",
        "shared_name" : "Russia (note) Persia"
      },
      "selected" : false
    }, {
      "data" : {
        "id" : "1109",
        "source" : "183",
        "target" : "229",
        "selected" : false,
        "EdgeBetweenness" : 67.03928089,
        "Column_5" : "B6_lg379",
        "SUID" : 1109,
        "name" : "Russia (note) Ispahan",
        "Column_3" : "no-ana",
        "interaction" : "note",
        "shared_interaction" : "note",
        "shared_name" : "Russia (note) Ispahan"
      },
      "selected" : false
    }, {
      "data" : {
        "id" : "1111",
        "source" : "183",
        "target" : "281",
        "selected" : false,
        "EdgeBetweenness" : 56.36194332,
        "Column_5" : "B6_lg379",
        "SUID" : 1111,
        "name" : "Russia (note) England",
        "Column_3" : "no-ana",
        "interaction" : "note",
        "shared_interaction" : "note",
        "shared_name" : "Russia (note) England"
      },
      "selected" : false
    }, {
      "data" : {
        "id" : "1112",
        "source" : "183",
        "target" : "193",
        "selected" : false,
        "EdgeBetweenness" : 23.68141026,
        "Column_5" : "B6_lg379",
        "SUID" : 1112,
        "name" : "Russia (note) China",
        "Column_3" : "no-ana",
        "interaction" : "note",
        "shared_interaction" : "note",
        "shared_name" : "Russia (note) China"
      },
      "selected" : false
    }, {
      "data" : {
        "id" : "1113",
        "source" : "183",
        "target" : "184",
        "selected" : false,
        "EdgeBetweenness" : 2.0,
        "Column_5" : "B6_lg379",
        "SUID" : 1113,
        "name" : "Russia (note) Canton",
        "Column_3" : "no-ana",
        "interaction" : "note",
        "shared_interaction" : "note",
        "shared_name" : "Russia (note) Canton"
      },
      "selected" : false
    }, {
      "data" : {
        "id" : "1114",
        "source" : "183",
        "target" : "185",
        "selected" : false,
        "EdgeBetweenness" : 2.0,
        "Column_5" : "B6_lg379",
        "SUID" : 1114,
        "name" : "Russia (note) Macao",
        "Column_3" : "no-ana",
        "interaction" : "note",
        "shared_interaction" : "note",
        "shared_name" : "Russia (note) Macao"
      },
      "selected" : false
    }, {
      "data" : {
        "id" : "1116",
        "source" : "183",
        "target" : "186",
        "selected" : false,
        "EdgeBetweenness" : 2.0,
        "Column_5" : "B6_lg379",
        "SUID" : 1116,
        "name" : "Russia (note) Edirne",
        "Column_3" : "no-ana",
        "interaction" : "note",
        "shared_interaction" : "note",
        "shared_name" : "Russia (note) Edirne"
      },
      "selected" : false
    }, {
      "data" : {
        "id" : "1164",
        "source" : "192",
        "target" : "195",
        "selected" : false,
        "EdgeBetweenness" : 2.0,
        "Column_5" : "B6_lg367",
        "SUID" : 1164,
        "name" : "Bohai_Sea (note) Whang-ho_River",
        "Column_3" : "no-ana",
        "interaction" : "note",
        "shared_interaction" : "note",
        "shared_name" : "Bohai_Sea (note) Whang-ho_River"
      },
      "selected" : false
    }, {
      "data" : {
        "id" : "1165",
        "source" : "192",
        "target" : "197",
        "selected" : false,
        "EdgeBetweenness" : 2.0,
        "Column_5" : "B6_lg367",
        "SUID" : 1165,
        "name" : "Bohai_Sea (note) Hotun_Nor",
        "Column_3" : "no-ana",
        "interaction" : "note",
        "shared_interaction" : "note",
        "shared_name" : "Bohai_Sea (note) Hotun_Nor"
      },
      "selected" : false
    }, {
      "data" : {
        "id" : "1163",
        "source" : "192",
        "target" : "194",
        "selected" : false,
        "EdgeBetweenness" : 172.13496503,
        "Column_5" : "B6_lg367",
        "SUID" : 1163,
        "name" : "Bohai_Sea (note) Tartarian_Mts",
        "Column_3" : "no-ana",
        "interaction" : "note",
        "shared_interaction" : "note",
        "shared_name" : "Bohai_Sea (note) Tartarian_Mts"
      },
      "selected" : false
    }, {
      "data" : {
        "id" : "1167",
        "source" : "192",
        "target" : "196",
        "selected" : false,
        "EdgeBetweenness" : 2.0,
        "Column_5" : "B6_lg367",
        "SUID" : 1167,
        "name" : "Bohai_Sea (note) Tibet",
        "Column_3" : "no-ana",
        "interaction" : "note",
        "shared_interaction" : "note",
        "shared_name" : "Bohai_Sea (note) Tibet"
      },
      "selected" : false
    }, {
      "data" : {
        "id" : "1166",
        "source" : "192",
        "target" : "193",
        "selected" : false,
        "EdgeBetweenness" : 281.86503497,
        "Column_5" : "B6_lg367",
        "SUID" : 1166,
        "name" : "Bohai_Sea (note) China",
        "Column_3" : "no-ana",
        "interaction" : "note",
        "shared_interaction" : "note",
        "shared_name" : "Bohai_Sea (note) China"
      },
      "selected" : false
    }, {
      "data" : {
        "id" : "1120",
        "source" : "184",
        "target" : "281",
        "selected" : false,
        "EdgeBetweenness" : 56.36194332,
        "Column_5" : "B6_lg379",
        "SUID" : 1120,
        "name" : "Canton (note) England",
        "Column_3" : "no-ana",
        "interaction" : "note",
        "shared_interaction" : "note",
        "shared_name" : "Canton (note) England"
      },
      "selected" : false
    }, {
      "data" : {
        "id" : "1119",
        "source" : "184",
        "target" : "338",
        "selected" : false,
        "EdgeBetweenness" : 237.77208888,
        "Column_5" : "B6_lg379",
        "SUID" : 1119,
        "name" : "Canton (note) Persia",
        "Column_3" : "no-ana",
        "interaction" : "note",
        "shared_interaction" : "note",
        "shared_name" : "Canton (note) Persia"
      },
      "selected" : false
    }, {
      "data" : {
        "id" : "1118",
        "source" : "184",
        "target" : "229",
        "selected" : false,
        "EdgeBetweenness" : 67.03928089,
        "Column_5" : "B6_lg379",
        "SUID" : 1118,
        "name" : "Canton (note) Ispahan",
        "Column_3" : "no-ana",
        "interaction" : "note",
        "shared_interaction" : "note",
        "shared_name" : "Canton (note) Ispahan"
      },
      "selected" : false
    }, {
      "data" : {
        "id" : "1122",
        "source" : "184",
        "target" : "185",
        "selected" : false,
        "EdgeBetweenness" : 2.0,
        "Column_5" : "B6_lg379",
        "SUID" : 1122,
        "name" : "Canton (note) Macao",
        "Column_3" : "no-ana",
        "interaction" : "note",
        "shared_interaction" : "note",
        "shared_name" : "Canton (note) Macao"
      },
      "selected" : false
    }, {
      "data" : {
        "id" : "1121",
        "source" : "184",
        "target" : "193",
        "selected" : false,
        "EdgeBetweenness" : 23.68141026,
        "Column_5" : "B6_lg379",
        "SUID" : 1121,
        "name" : "Canton (note) China",
        "Column_3" : "no-ana",
        "interaction" : "note",
        "shared_interaction" : "note",
        "shared_name" : "Canton (note) China"
      },
      "selected" : false
    }, {
      "data" : {
        "id" : "1117",
        "source" : "184",
        "target" : "279",
        "selected" : false,
        "EdgeBetweenness" : 65.14527665,
        "Column_5" : "B6_lg379",
        "SUID" : 1117,
        "name" : "Canton (note) Turkey",
        "Column_3" : "no-ana",
        "interaction" : "note",
        "shared_interaction" : "note",
        "shared_name" : "Canton (note) Turkey"
      },
      "selected" : false
    }, {
      "data" : {
        "id" : "1124",
        "source" : "184",
        "target" : "186",
        "selected" : false,
        "EdgeBetweenness" : 2.0,
        "Column_5" : "B6_lg379",
        "SUID" : 1124,
        "name" : "Canton (note) Edirne",
        "Column_3" : "no-ana",
        "interaction" : "note",
        "shared_interaction" : "note",
        "shared_name" : "Canton (note) Edirne"
      },
      "selected" : false
    }, {
      "data" : {
        "id" : "586",
        "source" : "120",
        "target" : "121",
        "selected" : false,
        "EdgeBetweenness" : 2.0,
        "Column_5" : "B9_lg527",
        "SUID" : 586,
        "name" : "Xantung (note) Huquam",
        "Column_3" : "no-ana",
        "interaction" : "note",
        "shared_interaction" : "note",
        "shared_name" : "Xantung (note) Huquam"
      },
      "selected" : false
    }, {
      "data" : {
        "id" : "585",
        "source" : "120",
        "target" : "193",
        "selected" : false,
        "EdgeBetweenness" : 95.58381874,
        "Column_5" : "B9_lg527",
        "SUID" : 585,
        "name" : "Xantung (note) China",
        "Column_3" : "no-ana",
        "interaction" : "note",
        "shared_interaction" : "note",
        "shared_name" : "Xantung (note) China"
      },
      "selected" : false
    }, {
      "data" : {
        "id" : "587",
        "source" : "120",
        "target" : "288",
        "selected" : false,
        "EdgeBetweenness" : 234.00651646,
        "Column_5" : "B9_lg527",
        "SUID" : 587,
        "name" : "Xantung (note) Europe",
        "Column_3" : "no-ana",
        "interaction" : "note",
        "shared_interaction" : "note",
        "shared_name" : "Xantung (note) Europe"
      },
      "selected" : false
    }, {
      "data" : {
        "id" : "588",
        "source" : "120",
        "target" : "256",
        "selected" : false,
        "EdgeBetweenness" : 128.40966479,
        "Column_5" : "B9_lg527",
        "SUID" : 588,
        "name" : "Xantung (note) India",
        "Column_3" : "no-ana",
        "interaction" : "note",
        "shared_interaction" : "note",
        "shared_name" : "Xantung (note) India"
      },
      "selected" : false
    }, {
      "data" : {
        "id" : "1911",
        "source" : "288",
        "target" : "338",
        "selected" : false,
        "EdgeBetweenness" : 214.98545165,
        "Column_5" : "B3_lg177",
        "SUID" : 1911,
        "name" : "Europe (note) Persia",
        "Column_3" : "no-ana",
        "interaction" : "note",
        "shared_interaction" : "note",
        "shared_name" : "Europe (note) Persia"
      },
      "selected" : false
    }, {
      "data" : {
        "id" : "1089",
        "source" : "181",
        "target" : "338",
        "selected" : false,
        "EdgeBetweenness" : 237.77208888,
        "Column_5" : "B6_lg379",
        "SUID" : 1089,
        "name" : "Shiraz (main) Persia",
        "Column_3" : "rel",
        "interaction" : "main",
        "shared_interaction" : "main",
        "shared_name" : "Shiraz (main) Persia"
      },
      "selected" : false
    }, {
      "data" : {
        "id" : "1088",
        "source" : "181",
        "target" : "229",
        "selected" : false,
        "EdgeBetweenness" : 67.03928089,
        "Column_5" : "B6_lg379",
        "SUID" : 1088,
        "name" : "Shiraz (main) Ispahan",
        "Column_3" : "rel",
        "interaction" : "main",
        "shared_interaction" : "main",
        "shared_name" : "Shiraz (main) Ispahan"
      },
      "selected" : false
    }, {
      "data" : {
        "id" : "1091",
        "source" : "181",
        "target" : "281",
        "selected" : false,
        "EdgeBetweenness" : 56.36194332,
        "Column_5" : "B6_lg379",
        "SUID" : 1091,
        "name" : "Shiraz (main) England",
        "Column_3" : "rel",
        "interaction" : "main",
        "shared_interaction" : "main",
        "shared_name" : "Shiraz (main) England"
      },
      "selected" : false
    }, {
      "data" : {
        "id" : "1090",
        "source" : "181",
        "target" : "182",
        "selected" : false,
        "EdgeBetweenness" : 2.0,
        "Column_5" : "B6_lg379",
        "SUID" : 1090,
        "name" : "Shiraz (main) Malabar",
        "Column_3" : "rel",
        "interaction" : "main",
        "shared_interaction" : "main",
        "shared_name" : "Shiraz (main) Malabar"
      },
      "selected" : false
    }, {
      "data" : {
        "id" : "1087",
        "source" : "181",
        "target" : "279",
        "selected" : false,
        "EdgeBetweenness" : 65.14527665,
        "Column_5" : "B6_lg379",
        "SUID" : 1087,
        "name" : "Shiraz (main) Turkey",
        "Column_3" : "rel",
        "interaction" : "main",
        "shared_interaction" : "main",
        "shared_name" : "Shiraz (main) Turkey"
      },
      "selected" : false
    }, {
      "data" : {
        "id" : "1097",
        "source" : "181",
        "target" : "186",
        "selected" : false,
        "EdgeBetweenness" : 2.0,
        "Column_5" : "B6_lg379",
        "SUID" : 1097,
        "name" : "Shiraz (main) Edirne",
        "Column_3" : "rel",
        "interaction" : "main",
        "shared_interaction" : "main",
        "shared_name" : "Shiraz (main) Edirne"
      },
      "selected" : false
    }, {
      "data" : {
        "id" : "1093",
        "source" : "181",
        "target" : "193",
        "selected" : false,
        "EdgeBetweenness" : 23.68141026,
        "Column_5" : "B6_lg379",
        "SUID" : 1093,
        "name" : "Shiraz (main) China",
        "Column_3" : "rel",
        "interaction" : "main",
        "shared_interaction" : "main",
        "shared_name" : "Shiraz (main) China"
      },
      "selected" : false
    }, {
      "data" : {
        "id" : "1092",
        "source" : "181",
        "target" : "183",
        "selected" : false,
        "EdgeBetweenness" : 2.0,
        "Column_5" : "B6_lg379",
        "SUID" : 1092,
        "name" : "Shiraz (main) Russia",
        "Column_3" : "rel",
        "interaction" : "main",
        "shared_interaction" : "main",
        "shared_name" : "Shiraz (main) Russia"
      },
      "selected" : false
    }, {
      "data" : {
        "id" : "1095",
        "source" : "181",
        "target" : "185",
        "selected" : false,
        "EdgeBetweenness" : 2.0,
        "Column_5" : "B6_lg379",
        "SUID" : 1095,
        "name" : "Shiraz (main) Macao",
        "Column_3" : "rel",
        "interaction" : "main",
        "shared_interaction" : "main",
        "shared_name" : "Shiraz (main) Macao"
      },
      "selected" : false
    }, {
      "data" : {
        "id" : "1094",
        "source" : "181",
        "target" : "184",
        "selected" : false,
        "EdgeBetweenness" : 2.0,
        "Column_5" : "B6_lg379",
        "SUID" : 1094,
        "name" : "Shiraz (main) Canton",
        "Column_3" : "rel",
        "interaction" : "main",
        "shared_interaction" : "main",
        "shared_name" : "Shiraz (main) Canton"
      },
      "selected" : false
    }, {
      "data" : {
        "id" : "589",
        "source" : "121",
        "target" : "193",
        "selected" : false,
        "EdgeBetweenness" : 95.58381874,
        "Column_5" : "B9_lg527",
        "SUID" : 589,
        "name" : "Huquam (note) China",
        "Column_3" : "no-ana",
        "interaction" : "note",
        "shared_interaction" : "note",
        "shared_name" : "Huquam (note) China"
      },
      "selected" : false
    }, {
      "data" : {
        "id" : "590",
        "source" : "121",
        "target" : "288",
        "selected" : false,
        "EdgeBetweenness" : 234.00651646,
        "Column_5" : "B9_lg527",
        "SUID" : 590,
        "name" : "Huquam (note) Europe",
        "Column_3" : "no-ana",
        "interaction" : "note",
        "shared_interaction" : "note",
        "shared_name" : "Huquam (note) Europe"
      },
      "selected" : false
    }, {
      "data" : {
        "id" : "591",
        "source" : "121",
        "target" : "256",
        "selected" : false,
        "EdgeBetweenness" : 128.40966479,
        "Column_5" : "B9_lg527",
        "SUID" : 591,
        "name" : "Huquam (note) India",
        "Column_3" : "no-ana",
        "interaction" : "note",
        "shared_interaction" : "note",
        "shared_name" : "Huquam (note) India"
      },
      "selected" : false
    }, {
      "data" : {
        "id" : "1635",
        "source" : "256",
        "target" : "288",
        "selected" : false,
        "EdgeBetweenness" : 28.69401122,
        "Column_5" : "B10_lg565",
        "SUID" : 1635,
        "name" : "India (note) Europe",
        "Column_3" : "no-ana",
        "interaction" : "note",
        "shared_interaction" : "note",
        "shared_name" : "India (note) Europe"
      },
      "selected" : false
    }, {
      "data" : {
        "id" : "1636",
        "source" : "256",
        "target" : "338",
        "selected" : false,
        "EdgeBetweenness" : 155.67655957,
        "Column_5" : "B9_lg523",
        "SUID" : 1636,
        "name" : "India (note) Persia",
        "Column_3" : "no-ana",
        "interaction" : "note",
        "shared_interaction" : "note",
        "shared_name" : "India (note) Persia"
      },
      "selected" : false
    }, {
      "data" : {
        "id" : "1390",
        "source" : "229",
        "target" : "281",
        "selected" : false,
        "EdgeBetweenness" : 324.82848818,
        "Column_5" : "B6_lg379",
        "SUID" : 1390,
        "name" : "Ispahan (note) England",
        "Column_3" : "no-ana",
        "interaction" : "note",
        "shared_interaction" : "note",
        "shared_name" : "Ispahan (note) England"
      },
      "selected" : false
    }, {
      "data" : {
        "id" : "1389",
        "source" : "229",
        "target" : "279",
        "selected" : false,
        "EdgeBetweenness" : 124.31177465,
        "Column_5" : "B6_lg379",
        "SUID" : 1389,
        "name" : "Ispahan (note) Turkey",
        "Column_3" : "no-ana",
        "interaction" : "note",
        "shared_interaction" : "note",
        "shared_name" : "Ispahan (note) Turkey"
      },
      "selected" : false
    }, {
      "data" : {
        "id" : "1386",
        "source" : "229",
        "target" : "338",
        "selected" : false,
        "EdgeBetweenness" : 400.79095658,
        "Column_5" : "B9_lg523",
        "SUID" : 1386,
        "name" : "Ispahan (note) Persia",
        "Column_3" : "no-ana",
        "interaction" : "note",
        "shared_interaction" : "note",
        "shared_name" : "Ispahan (note) Persia"
      },
      "selected" : false
    }, {
      "data" : {
        "id" : "1385",
        "source" : "229",
        "target" : "256",
        "selected" : false,
        "EdgeBetweenness" : 108.43000137,
        "Column_5" : "B9_lg523",
        "SUID" : 1385,
        "name" : "Ispahan (note) India",
        "Column_3" : "no-ana",
        "interaction" : "note",
        "shared_interaction" : "note",
        "shared_name" : "Ispahan (note) India"
      },
      "selected" : false
    } ]
  }
}